cashew,9.07,3.0,94.42857142857143,2.0,0.0,8.0,0.5714285714285714,55.689655172413794,0.0,1.0,0.0,0.0,0.0,4.5,0.0,2.0,1.0,318.13793103448273,136.5,318.8888888888889,64.8,37.7,1.0,0.0,4.0,0.0,107.79310344827586,0.0,1.0,5.0,1.0,0.0,192.3,0.0,2.4482758620689653,0.0,4.0,0.0,1.0,229.3448275862069,4.9,38.86666666666667,2.0,0.0,4.333333333333333,0.0,62.36,136.1,10.0,8.0,36.36666666666667,0.0,1.0,0.0,0.0,0.0,18.533333333333335,3.25,35.6,0.0,0.0,3.033333333333333,22.533333333333335,0.0,0.0
cashew,7.939999999999998,2.0,87.92307692307692,1.7,0.0,7.666666666666667,0.4482758620689655,55.88461538461539,0.0,1.0,0.0,0.0,0.0,4.0,0.0,2.0,1.0,289.6333333333333,155.26666666666668,278.3333333333333,66.41379310344827,37.5,1.0,0.0,4.0,0.0,102.3,0.0,1.0,5.0,1.0,0.0,186.36666666666667,0.0,2.6333333333333333,0.0,4.413793103448276,0.4,1.0,225.63333333333333,5.444444444444445,44.310344827586206,1.5666666666666667,0.0,4.0,0.0,62.9,138.73333333333332,10.0,8.0,36.8,0.0,1.0,0.0,0.0,0.0,23.5,5.166666666666667,34.833333333333336,0.0,0.0,3.0,33.6,0.0,0.0
cashew,5.289999999999999,1.7333333333333334,46.48275862068966,1.0,0.0,5.0,0.08333333333333333,31.28,0.0,1.0,0.0,0.0,0.0,1.3461538461538463,0.0,1.0,0.36666666666666664,178.6153846153846,93.51724137931035,191.68965517241378,29.586206896551722,19.75862068965517,0.0,0.0,2.0,0.0,67.75862068965517,0.0,0.0,2.0,1.0,0.0,112.78571428571429,0.0,0.0,0.0,2.0,0.2413793103448276,0.0,145.48275862068965,0.0,15.68,1.0,0.0,2.5,0.0,41.96551724137931,94.21428571428571,7.0,4.678571428571429,24.551724137931036,0.0,0.6666666666666666,0.0,0.0,0.0,11.366666666666667,1.9333333333333333,16.625,0.0,0.0,3.3666666666666667,15.172413793103448,0.0,0.0
cashew,6.579999999999998,2.0,56.0,1.0,0.0,5.482758620689655,0.4074074074074074,25.866666666666667,0.0,1.0,0.0,0.0,0.0,2.0,0.0,1.0,0.6,201.6551724137931,97.43333333333334,185.54545454545453,38.03448275862069,24.620689655172413,0.6,0.0,2.5517241379310347,0.0,73.65517241379311,0.0,0.0,3.0,1.0,0.0,132.44827586206895,0.0,0.0,0.0,2.0,0.4666666666666667,0.0,163.24137931034483,0.6896551724137931,21.25,1.0,0.0,3.0,0.0,46.32142857142857,104.35714285714286,7.551724137931035,5.275862068965517,27.0,0.0,0.7333333333333333,0.0,0.0,0.0,13.9,2.066666666666667,19.620689655172413,0.0,0.0,3.392857142857143,23.0,0.0,0.0
cashew,4.890000000000001,1.0,35.793103448275865,1.0,0.0,4.0,0.12,16.866666666666667,0.0,1.0,0.0,0.0,0.0,0.2962962962962963,0.0,1.0,0.3333333333333333,150.6206896551724,92.76923076923077,152.10344827586206,22.75862068965517,17.03448275862069,0.0,0.0,1.3666666666666667,0.0,56.111111111111114,0.0,0.0,1.6,1.0,0.0,94.88888888888889,0.0,0.0,0.0,1.0,0.0,0.0,129.71428571428572,0.0,7.233333333333333,0.3,0.0,2.0,0.0,38.26923076923077,85.96428571428571,6.0,3.5,22.586206896551722,0.0,0.6,0.0,0.0,0.0,13.037037037037036,2.1,10.964285714285714,0.0,0.0,3.6206896551724137,15.185185185185185,0.0,0.0
cashew,7.399999999999999,2.0,57.44827586206897,1.0,0.0,6.0,0.12,39.629629629629626,0.0,1.0,0.0,0.0,0.0,2.0,0.0,1.0,0.7,216.78571428571428,135.79166666666666,228.26666666666668,44.93103448275862,26.586206896551722,1.0,0.0,3.0,0.0,78.65517241379311,0.0,0.0,3.0,1.0,0.0,145.0,0.0,0.0,0.0,3.0,0.2413793103448276,0.4666666666666667,184.30769230769232,2.4615384615384617,16.766666666666666,1.0,0.0,3.4,0.0,52.10344827586207,115.07142857142857,8.0,5.625,30.413793103448278,0.0,0.3,0.0,0.0,0.0,11.266666666666667,0.7916666666666666,24.142857142857142,0.0,0.0,3.3703703703703702,26.53846153846154,0.0,0.0
cashew,2.0899999999999963,0.0,0.0,0.0,0.0,0.0,0.0,0.0,0.0,0.0,0.0,0.0,0.0,0.0,0.0,0.0,0.0,0.0,0.0,0.0,1.5666666666666667,0.0,0.0,0.0,0.0,0.0,2.566666666666667,0.0,0.0,0.0,0.0,0.0,1.2666666666666666,0.0,0.0,0.0,0.0,0.0,0.0,8.4,0.0,0.0,0.0,0.0,0.4,0.0,5.44,21.428571428571427,1.0,0.0,3.5517241379310347,0.0,0.0,0.0,0.0,0.0,0.0,0.0,0.0,0.0,0.0,3.423076923076923,0.0,0.0,0.0
cashew,2.6199999999999974,1.0,6.3,0.7333333333333333,0.0,2.0,0.3333333333333333,3.8666666666666667,0.0,0.0,0.0,0.0,0.0,0.0,0.0,0.0,0.0,64.89655172413794,33.357142857142854,85.86666666666666,3.2,5.409090909090909,0.0,0.0,0.0,0.0,33.827586206896555,0.0,0.0,0.0,0.0,0.0,45.275862068965516,0.0,0.0,0.0,0.0,0.0,0.0,73.58620689655173,0.0,0.0,0.0,0.0,1.0,0.0,22.423076923076923,55.3448275862069,4.0,1.206896551724138,13.655172413793103,0.0,0.0,0.0,0.0,0.0,1.9310344827586208,0.0,0.0,0.0,0.0,2.9,0.0,0.0,0.0
cashew,9.149999999999999,2.0,77.13793103448276,1.0,0.0,7.0,1.1666666666666667,44.73076923076923,0.0,1.0,0.0,0.0,0.0,3.310344827586207,0.0,2.0,1.0,268.8888888888889,124.4,285.6521739130435,52.58620689655172,32.689655172413794,1.0,0.0,3.6206896551724137,0.0,90.48275862068965,0.0,1.0,4.0,1.0,0.0,169.72413793103448,0.0,0.0,0.0,3.0,0.0,0.6666666666666666,204.24137931034483,1.1666666666666667,26.482758620689655,1.0,0.0,3.0,0.0,58.44827586206897,128.69230769230768,9.0,6.608695652173913,34.57142857142857,0.0,1.0,0.0,0.0,0.0,14.6,1.5,27.655172413793103,0.0,0.0,3.2666666666666666,29.416666666666668,0.0,0.0
cashew,10.5,2.0,86.24137931034483,1.0,0.0,8.0,0.9666666666666667,51.57692307692308,0.0,1.0,0.0,0.0,0.0,4.0,0.0,2.0,1.0,292.39285714285717,159.125,284.9655172413793,61.758620689655174,37.13793103448276,1.0,0.0,4.0,0.0,99.86363636363636,0.0,1.0,4.758620689655173,1.0,0.0,183.44827586206895,0.0,1.3666666666666667,0.0,3.7241379310344827,0.0,1.0,215.35714285714286,3.4482758620689653,37.7037037037037,1.3333333333333333,0.0,4.206896551724138,0.0,61.3448275862069,136.27586206896552,10.0,8.0,35.689655172413794,0.0,1.0,0.0,0.0,0.0,15.066666666666666,2.5652173913043477,33.32142857142857,0.0,0.0,3.1,33.916666666666664,0.0,0.0
cashew,8.579999999999998,2.0,69.6896551724138,1.0,0.0,6.0,1.1666666666666667,37.32142857142857,0.0,1.0,0.0,0.0,0.0,2.966666666666667,0.0,1.0,1.0,240.89655172413794,124.04166666666667,244.27586206896552,48.58620689655172,29.17241379310345,1.0,0.0,3.0,0.0,80.44827586206897,0.0,0.0,3.3448275862068964,1.0,0.0,149.82758620689654,0.0,0.0,0.0,2.586206896551724,0.3,0.5333333333333333,176.04,0.6206896551724138,26.0,1.6333333333333333,0.0,3.310344827586207,0.0,52.172413793103445,118.44827586206897,8.0,6.0,30.413793103448278,0.0,0.7,0.0,0.0,0.0,16.233333333333334,2.466666666666667,19.321428571428573,0.0,0.0,2.7666666666666666,24.434782608695652,0.0,0.0
cashew,6.859999999999999,2.0,67.3076923076923,1.0,0.0,6.0,0.08333333333333333,23.166666666666668,0.0,1.0,0.0,0.0,0.0,2.8,0.0,1.0,0.5333333333333333,231.25,108.15384615384616,198.57142857142858,37.035714285714285,26.892857142857142,1.0,0.0,2.642857142857143,0.0,78.57142857142857,0.0,0.0,3.0,1.0,0.0,138.64285714285714,0.0,0.0,0.0,2.0,0.0,0.0,174.21428571428572,0.0,15.0,1.0,0.0,3.3214285714285716,0.0,49.142857142857146,111.03571428571429,8.0,5.260869565217392,29.107142857142858,0.0,1.0,0.0,0.0,0.0,15.642857142857142,4.230769230769231,16.392857142857142,0.0,0.0,3.2333333333333334,20.296296296296298,0.0,0.0
cashew,11.509999999999998,3.0,100.53571428571429,2.0,0.0,8.586206896551724,0.8666666666666667,60.48,0.0,1.0,0.0,0.0,0.0,5.066666666666666,0.0,2.0,1.0,332.2857142857143,175.34615384615384,306.51724137931035,68.07142857142857,41.51724137931034,1.0,0.0,5.0,0.0,112.8,0.0,1.0,5.758620689655173,1.0,0.0,208.8846153846154,0.0,3.8620689655172415,0.0,4.448275862068965,0.0,1.0,236.75,4.62962962962963,41.689655172413794,2.0,0.0,4.344827586206897,0.0,67.51724137931035,149.3793103448276,10.620689655172415,9.655172413793103,39.5,0.0,1.0,0.0,0.0,0.0,22.1,3.4782608695652173,34.37931034482759,0.0,0.0,3.1666666666666665,37.69565217391305,0.0,0.0
cashew,9.399999999999999,2.3,77.93103448275862,1.0,0.0,7.0,0.08333333333333333,44.074074074074076,0.0,1.0,0.0,0.0,0.0,2.966666666666667,0.0,2.0,1.0,269.2758620689655,113.73333333333333,253.0,47.758620689655174,30.79310344827586,1.0,0.0,3.433333333333333,0.0,84.21428571428571,0.0,0.6,3.533333333333333,1.0,0.0,156.10344827586206,0.0,0.9642857142857143,0.0,2.7333333333333334,0.0,0.3,194.86206896551724,1.2333333333333334,24.857142857142858,1.3,0.0,3.3333333333333335,0.0,54.03448275862069,121.78571428571429,9.0,6.461538461538462,31.75862068965517,0.0,0.6666666666666666,0.0,0.0,0.0,22.90909090909091,3.2333333333333334,22.933333333333334,0.0,0.0,3.066666666666667,16.7,0.0,0.0
cashew,9.14,2.0,72.10344827586206,1.0,0.0,7.0,0.25925925925925924,43.03448275862069,0.0,1.0,0.0,0.0,0.0,2.56,0.0,2.0,1.0,255.24137931034483,106.0,280.38461538461536,47.310344827586206,30.862068965517242,1.0,0.0,3.0,0.0,87.6896551724138,0.0,1.0,4.0,1.0,0.0,160.86206896551724,0.0,1.2222222222222223,0.0,3.413793103448276,0.5,0.5,201.0344827586207,2.966666666666667,33.083333333333336,1.0,0.0,3.2758620689655173,0.0,55.58620689655172,124.82758620689656,9.0,6.615384615384615,32.92857142857143,0.0,1.0,0.0,0.0,0.0,21.296296296296298,5.821428571428571,23.275862068965516,0.0,0.0,3.3,18.966666666666665,0.0,0.0
cashew,8.869999999999997,2.0,82.16666666666667,1.0,0.0,7.366666666666666,0.0,50.34615384615385,0.0,1.0,0.0,0.0,0.0,3.0,0.0,2.0,1.0,277.53333333333336,149.69565217391303,285.96666666666664,55.5,33.18518518518518,1.0,0.0,3.6666666666666665,0.0,95.33333333333333,0.0,1.0,4.0,1.0,0.0,177.36666666666667,0.0,1.7333333333333334,0.0,4.0,0.3333333333333333,0.4666666666666667,212.0,3.8666666666666667,25.933333333333334,1.5333333333333334,0.0,3.466666666666667,0.0,59.241379310344826,132.85714285714286,9.0,7.416666666666667,35.17857142857143,0.0,1.0,0.0,0.0,0.0,23.814814814814813,5.033333333333333,25.862068965517242,0.0,0.0,3.2333333333333334,30.833333333333332,0.0,0.0
cashew,4.399999999999999,1.0,28.037037037037038,1.0,0.0,4.0,0.0,14.413793103448276,0.0,1.0,0.0,0.0,0.0,0.0,0.0,1.0,0.0,131.62962962962962,11.166666666666666,180.93103448275863,17.392857142857142,11.344827586206897,0.0,0.0,1.0,0.0,51.0,0.0,0.0,1.2413793103448276,1.0,0.0,87.55172413793103,0.0,0.0,0.0,1.0,0.4666666666666667,0.43333333333333335,118.0,0.0,5.206896551724138,0.4666666666666667,0.0,2.3333333333333335,0.0,35.96551724137931,84.17241379310344,6.0,3.0,21.25,0.0,0.3,0.0,0.0,0.0,11.153846153846153,2.0,4.821428571428571,0.0,0.0,3.3846153846153846,0.0,0.0,0.0
cashew,7.350000000000001,2.0,52.370370370370374,1.0,0.0,5.0,0.15384615384615385,28.46153846153846,0.0,1.0,0.0,0.0,0.0,1.0,0.0,1.0,0.3333333333333333,192.72413793103448,102.79310344827586,231.2608695652174,31.03448275862069,21.25,0.6,0.0,2.0,0.0,74.03448275862068,0.0,0.0,2.4827586206896552,1.0,0.0,123.0,0.0,0.0,0.0,2.0,0.36666666666666664,0.6,152.6153846153846,0.0,16.0,1.0,0.0,3.0,0.0,45.03448275862069,104.03703703703704,7.0,5.0,26.17241379310345,0.0,0.5,0.0,0.0,0.0,11.8,1.9666666666666666,14.035714285714286,0.0,0.0,3.066666666666667,17.724137931034484,0.0,0.0
cashew,3.3999999999999986,1.0,14.481481481481481,1.0,0.0,3.0,0.08333333333333333,5.833333333333333,0.0,0.0,0.0,0.0,0.0,0.0,0.0,0.0,0.0,92.78571428571429,35.96666666666667,115.76666666666667,6.482758620689655,5.724137931034483,0.0,0.0,0.0,0.0,41.689655172413794,0.0,0.0,0.26666666666666666,1.0,0.0,59.93103448275862,0.0,0.0,0.0,0.0,0.0,0.6333333333333333,90.57692307692308,0.0,0.4482758620689655,0.6666666666666666,0.0,1.8,0.0,27.724137931034484,67.6896551724138,4.758620689655173,2.0,16.571428571428573,0.0,0.0,0.0,0.0,0.0,5.833333333333333,0.4,0.4827586206896552,0.0,0.0,3.1,3.8,0.0,0.0
cashew,4.57,1.2666666666666666,44.3448275862069,1.0,0.0,5.0,0.4642857142857143,26.607142857142858,0.0,1.0,0.0,0.0,0.0,0.4583333333333333,0.0,1.0,0.0,171.82142857142858,74.7,192.75862068965517,26.75862068965517,17.275862068965516,0.0,0.0,1.0,0.0,68.07407407407408,0.0,0.0,2.0,1.0,0.0,107.13793103448276,0.0,0.0,0.0,1.0,0.0,0.0,142.20689655172413,0.0,8.3,1.0,0.0,2.2758620689655173,0.0,41.51851851851852,94.55172413793103,7.0,4.551724137931035,24.482758620689655,0.0,1.0,0.0,0.0,0.0,13.222222222222221,2.466666666666667,9.0,0.0,0.0,3.2758620689655173,9.933333333333334,0.0,0.0
cashew,12.199999999999996,3.0,92.21428571428571,1.7333333333333334,0.0,8.0,0.0,55.6551724137931,0.0,1.0,0.0,0.0,0.0,4.222222222222222,0.0,2.0,1.0,305.2758620689655,148.33333333333334,327.68,62.89655172413793,36.86206896551724,1.0,0.0,4.0,0.0,103.24137931034483,0.0,1.0,5.0,1.0,0.0,201.82142857142858,0.0,4.896551724137931,0.0,4.0,0.0,1.0,235.6551724137931,5.0344827586206895,43.41379310344828,2.0,0.0,4.275862068965517,0.0,64.96551724137932,144.20689655172413,10.0,8.26923076923077,38.0,0.0,1.0,0.0,0.0,0.0,23.966666666666665,5.466666666666667,32.06896551724138,0.0,0.0,3.066666666666667,36.56521739130435,0.0,0.0
cashew,5.57,2.0,54.48275862068966,1.0,0.0,5.413793103448276,0.0,29.25925925925926,0.0,1.0,0.0,0.0,0.0,1.1153846153846154,0.0,1.0,0.7,205.42857142857142,61.63333333333333,232.7037037037037,32.93103448275862,21.655172413793103,0.3,0.0,2.0,0.0,70.86206896551724,0.0,0.0,2.7241379310344827,1.0,0.0,128.75862068965517,0.0,0.0,0.0,2.0,0.0,0.4666666666666667,159.85185185185185,0.0,18.32,1.2333333333333334,0.0,3.0,0.0,46.758620689655174,105.86206896551724,7.241379310344827,5.0,27.607142857142858,0.0,0.6333333333333333,0.0,0.0,0.0,11.566666666666666,2.6333333333333333,16.964285714285715,0.0,0.0,3.4074074074074074,1.1304347826086956,0.0,0.0
cashew,4.189999999999998,1.0,23.551724137931036,1.0,0.0,3.310344827586207,0.12,12.233333333333333,0.0,1.0,0.0,0.0,0.0,0.0,0.0,1.0,0.0,119.27586206896552,37.0,151.58620689655172,15.448275862068966,9.678571428571429,0.0,0.0,0.7,0.0,45.03448275862069,0.0,0.0,1.0,1.0,0.0,78.86206896551724,0.0,0.0,0.0,0.0,0.0,0.4666666666666667,108.67857142857143,0.0,1.7241379310344827,0.5,0.0,2.0,0.0,32.96551724137931,78.65384615384616,5.344827586206897,3.0,19.896551724137932,0.0,0.0,0.0,0.0,0.0,10.0,1.0666666666666667,2.8214285714285716,0.0,0.0,2.966666666666667,6.3,0.0,0.0
cashew,4.159999999999997,1.0,8.5,1.0,0.0,2.0,0.0,2.3666666666666667,0.0,0.0,0.0,0.0,0.0,0.0,0.0,0.0,0.0,70.24137931034483,35.6,131.5185185185185,4.266666666666667,3.6,0.0,0.0,0.0,0.0,36.41379310344828,0.0,0.0,0.0,1.0,0.0,41.17857142857143,0.0,0.0,0.0,0.0,0.0,0.3,76.65517241379311,0.0,0.0,0.0,0.0,1.2333333333333334,0.0,23.896551724137932,59.41379310344828,4.0,1.5666666666666667,14.551724137931034,0.0,0.0,0.0,0.0,0.0,3.7333333333333334,0.0,0.15384615384615385,0.0,0.0,3.5555555555555554,2.793103448275862,0.0,0.0
cashew,4.939999999999998,2.0,60.142857142857146,1.0,0.0,6.0,0.5357142857142857,31.392857142857142,0.0,1.0,0.0,0.0,0.0,2.4,0.0,1.3333333333333333,0.6,221.03571428571428,91.5,248.8695652173913,37.285714285714285,24.0,1.0,0.0,2.0,0.0,80.0,0.0,0.0,3.0,1.0,0.0,138.1851851851852,0.0,0.0,0.0,2.0,0.0,0.0,174.88888888888889,0.6428571428571429,22.08695652173913,1.3,0.0,3.0,0.0,48.214285714285715,109.14285714285714,8.0,6.0,28.678571428571427,0.0,0.43333333333333335,0.0,0.0,0.0,13.633333333333333,0.2608695652173913,20.321428571428573,0.0,0.0,3.3,23.4,0.0,0.0
cashew,6.399999999999999,2.0,67.62068965517241,1.0,0.0,6.0,0.0,39.333333333333336,0.0,1.0,0.0,0.0,0.0,3.2,0.0,2.0,1.0,240.53571428571428,129.48275862068965,254.9655172413793,42.57142857142857,28.689655172413794,1.0,0.0,3.0,0.0,86.75,0.0,0.4666666666666667,3.7241379310344827,1.0,0.0,153.17241379310346,0.0,0.0,0.0,2.5517241379310347,0.0,0.6,185.25,0.7142857142857143,24.72,1.4333333333333333,0.0,3.0,0.0,51.93103448275862,117.17241379310344,8.586206896551724,6.464285714285714,30.964285714285715,0.0,0.4666666666666667,0.0,0.0,0.0,13.733333333333333,0.8695652173913043,23.821428571428573,0.0,0.0,3.4444444444444446,24.51851851851852,0.0,0.0
cashew,11.850000000000001,2.0,84.17241379310344,1.0,0.0,7.586206896551724,0.0,48.74074074074074,0.0,1.0,0.0,0.0,0.0,4.033333333333333,0.0,2.0,1.0,284.37931034482756,136.96296296296296,305.46153846153845,51.0,34.035714285714285,1.0,0.0,4.0,0.0,97.20689655172414,0.0,1.0,4.344827586206897,1.0,0.0,179.3448275862069,0.0,0.7931034482758621,0.0,4.0,0.0,0.6333333333333333,207.875,3.576923076923077,37.7037037037037,1.6666666666666667,0.0,3.8620689655172415,0.0,59.37931034482759,132.44444444444446,9.413793103448276,7.37037037037037,34.48275862068966,0.0,1.0,0.0,0.0,0.0,22.607142857142858,6.653846153846154,26.06896551724138,0.0,0.0,3.1333333333333333,27.5,0.0,0.0
cashew,3.0700000000000003,1.0,23.24137931034483,1.0,0.0,3.2758620689655173,0.4666666666666667,10.133333333333333,0.0,1.0,0.0,0.0,0.0,0.9333333333333333,0.0,1.0,0.0,116.96551724137932,33.36666666666667,151.44827586206895,12.448275862068966,9.89655172413793,0.0,0.0,0.6333333333333333,0.0,46.964285714285715,0.0,0.0,1.0,1.0,0.0,73.75862068965517,0.0,0.0,0.0,0.0,0.0,0.4,106.03448275862068,0.0,0.5555555555555556,0.4,0.0,2.0,0.0,30.178571428571427,72.65517241379311,5.0,2.7037037037037037,18.185185185185187,0.0,0.0,0.0,0.0,0.0,5.733333333333333,0.0,4.533333333333333,0.0,0.0,3.1724137931034484,4.333333333333333,0.0,0.0
cashew,3.5700000000000003,1.0,21.413793103448278,1.0,0.0,3.0,0.0,10.666666666666666,0.0,1.0,0.0,0.0,0.0,0.0,0.0,1.0,0.0,105.72413793103448,52.43333333333333,162.3846153846154,13.466666666666667,10.758620689655173,0.0,0.0,1.0,0.0,48.10344827586207,0.0,0.0,1.0,1.0,0.0,73.86206896551724,0.0,0.0,0.0,0.3,0.0,0.0,106.85185185185185,0.0,1.9310344827586208,0.3,0.0,2.310344827586207,0.0,30.178571428571427,72.66666666666667,5.0,2.6666666666666665,17.88888888888889,0.0,0.0,0.0,0.0,0.0,8.833333333333334,0.8666666666666667,4.535714285714286,0.0,0.0,2.9,6.966666666666667,0.0,0.0
cashew,3.479999999999997,1.0,17.586206896551722,1.0,0.0,3.0,0.0,7.137931034482759,0.0,0.43333333333333335,0.0,0.0,0.0,0.0,0.0,0.6333333333333333,0.0,101.25,40.4,152.16666666666666,9.533333333333333,7.551724137931035,0.0,0.0,0.0,0.0,38.827586206896555,0.0,0.0,0.3,1.0,0.0,66.86206896551724,0.0,0.0,0.0,0.0,0.0,0.0,93.48275862068965,0.0,0.0,0.0,0.0,1.4666666666666666,0.0,27.678571428571427,65.41379310344827,5.0,2.0,16.551724137931036,0.0,0.0,0.0,0.0,0.0,5.266666666666667,0.5666666666666667,0.8928571428571429,0.0,0.0,3.0,5.066666666666666,0.0,0.0
cashew,7.890000000000001,2.6206896551724137,83.72413793103448,1.0,0.0,7.275862068965517,0.15384615384615385,49.77272727272727,0.0,1.0,0.0,0.0,0.0,3.966666666666667,0.0,2.0,1.0,280.7142857142857,143.88888888888889,269.55172413793105,51.03448275862069,32.275862068965516,1.0,0.0,3.6551724137931036,0.0,92.93103448275862,0.0,1.0,4.0,1.0,0.0,173.79310344827587,0.0,1.6,0.0,3.3448275862068964,0.0,1.0,203.62962962962962,2.4814814814814814,34.25,1.7586206896551724,0.0,3.3448275862068964,0.0,56.63636363636363,128.14285714285714,9.0,7.333333333333333,33.310344827586206,0.0,1.0,0.0,0.0,0.0,17.733333333333334,3.533333333333333,25.0,0.0,0.0,3.1333333333333333,30.37037037037037,0.0,0.0
cashew,9.769999999999996,2.0,82.17241379310344,1.0,0.0,7.689655172413793,0.0,49.44444444444444,0.0,1.0,0.0,0.0,0.0,4.233333333333333,0.0,2.0,1.0,282.0344827586207,153.07142857142858,305.75,55.62068965517241,35.241379310344826,1.0,0.0,4.0,0.0,98.28571428571429,0.0,1.0,4.0,1.0,0.0,179.93103448275863,0.0,0.8275862068965517,0.0,3.4482758620689653,0.0,1.0,218.07692307692307,2.7666666666666666,31.821428571428573,1.2333333333333334,0.0,4.206896551724138,0.0,59.57142857142857,132.20689655172413,10.0,7.6923076923076925,35.25925925925926,0.0,1.0,0.0,0.0,0.0,20.833333333333332,3.8,29.928571428571427,0.0,0.0,3.5357142857142856,31.714285714285715,0.0,0.0
cashew,12.589999999999996,3.0,102.82142857142857,2.0,0.0,9.0,0.0,62.69565217391305,0.0,1.0,0.0,0.0,0.0,5.066666666666666,0.0,2.0,1.0,332.0357142857143,164.71428571428572,317.42857142857144,67.25,42.107142857142854,1.0,0.0,5.0,0.0,111.96428571428571,0.0,1.0,5.392857142857143,1.0,0.0,209.75,0.0,4.392857142857143,0.0,4.392857142857143,0.0,1.0,249.59259259259258,4.607142857142857,43.964285714285715,2.0,0.0,4.285714285714286,0.0,68.5,152.03846153846155,11.0,9.0,40.407407407407405,0.0,1.0,0.0,0.0,0.0,19.066666666666666,3.909090909090909,35.17857142857143,0.0,0.0,2.9,35.642857142857146,0.0,0.0
cashew,7.1299999999999955,2.0,50.10344827586207,1.0,0.0,5.0,0.3076923076923077,33.291666666666664,0.0,1.0,0.0,0.0,0.0,1.4827586206896552,0.0,1.0,0.4,194.93103448275863,93.66666666666667,199.55172413793105,36.310344827586206,22.310344827586206,0.6,0.0,2.0,0.0,71.51724137931035,0.0,0.0,2.310344827586207,1.0,0.0,120.79310344827586,0.0,0.0,0.0,1.7586206896551724,0.43333333333333335,0.26666666666666666,159.3846153846154,0.0,14.88888888888889,1.0,0.0,3.1724137931034484,0.0,44.206896551724135,100.58620689655173,7.172413793103448,5.0,26.379310344827587,0.0,0.6333333333333333,0.0,0.0,0.0,12.166666666666666,1.9666666666666666,13.827586206896552,0.0,0.0,2.5,15.266666666666667,0.0,0.0
cashew,3.9399999999999977,1.2666666666666666,31.24137931034483,1.0,0.0,4.0,0.0,18.285714285714285,0.0,1.0,0.0,0.0,0.0,0.0,0.0,1.0,0.3,129.42857142857142,58.0,161.51724137931035,16.785714285714285,14.241379310344827,0.0,0.0,1.0,0.0,51.310344827586206,0.0,0.0,1.3,1.0,0.0,93.96,0.0,0.0,0.0,0.26666666666666666,0.0,0.43333333333333335,120.72413793103448,0.0,2.1785714285714284,0.36666666666666664,0.0,2.310344827586207,0.0,34.206896551724135,80.41379310344827,6.0,3.28,20.571428571428573,0.0,0.4,0.0,0.0,0.0,7.8,1.0666666666666667,7.533333333333333,0.0,0.0,3.1666666666666665,8.366666666666667,0.0,0.0
cashew,6.890000000000001,2.0,68.62068965517241,1.0,0.0,6.0,0.3103448275862069,40.75,0.0,1.0,0.0,0.0,0.0,2.9,0.0,2.0,1.0,230.82758620689654,124.70370370370371,226.68965517241378,43.241379310344826,28.689655172413794,1.0,0.0,3.0,0.0,85.85714285714286,0.0,0.3333333333333333,3.7241379310344827,1.0,0.0,153.17241379310346,0.0,0.0,0.0,2.0,0.0,0.5,181.46428571428572,0.0,21.925925925925927,1.4666666666666666,0.0,3.0,0.0,51.44,116.10714285714286,8.0,6.0,30.20689655172414,0.0,1.0,0.0,0.0,0.0,18.107142857142858,5.111111111111111,20.413793103448278,0.0,0.0,2.8333333333333335,23.76923076923077,0.0,0.0
cashew,6.329999999999998,2.0,54.28,1.0,0.0,5.379310344827586,0.35714285714285715,28.75,0.0,1.0,0.0,0.0,0.0,1.0,0.0,1.0,0.5333333333333333,200.72413793103448,105.08,203.48275862068965,34.93103448275862,21.17241379310345,0.0,0.0,2.0,0.0,69.66666666666667,0.0,0.0,2.2758620689655173,1.0,0.0,120.21428571428571,0.0,0.0,0.0,1.3666666666666667,0.0,0.0,155.10344827586206,0.0,10.266666666666667,1.0,0.0,3.0,0.0,43.208333333333336,98.34482758620689,7.0,5.0,25.620689655172413,0.0,1.0,0.0,0.0,0.0,11.433333333333334,2.1333333333333333,15.785714285714286,0.0,0.0,3.25,19.333333333333332,0.0,0.0
cashew,9.729999999999997,2.0,83.20689655172414,1.0,0.0,7.551724137931035,0.0,50.88,0.0,1.0,0.0,0.0,0.0,3.0,0.0,2.0,1.0,284.14285714285717,87.4074074074074,275.1034482758621,56.6551724137931,33.310344827586206,1.0,0.0,4.0,0.0,93.03448275862068,0.0,1.0,4.551724137931035,1.0,0.0,183.33333333333334,0.0,1.2666666666666666,0.0,3.0,0.0,1.0,212.03703703703704,1.3448275862068966,28.20689655172414,1.4666666666666666,0.0,3.8275862068965516,0.0,58.69230769230769,130.48275862068965,9.586206896551724,7.583333333333333,34.6551724137931,0.0,1.0,0.0,0.0,0.0,20.5,4.133333333333334,31.655172413793103,0.0,0.0,3.9,11.692307692307692,0.0,0.0
cashew,7.68,2.0,70.51851851851852,1.0,0.0,6.724137931034483,0.39285714285714285,39.72,0.0,1.0,0.0,0.0,0.0,2.28,0.0,2.0,1.0,252.75862068965517,110.7,266.82608695652175,44.724137931034484,27.103448275862068,1.0,0.0,3.0,0.0,85.58620689655173,0.0,0.3,3.4482758620689653,1.0,0.0,152.66666666666666,0.0,0.3,0.0,3.0,0.0,0.3,187.17241379310346,1.206896551724138,23.333333333333332,1.2333333333333334,0.0,3.310344827586207,0.0,51.724137931034484,115.18518518518519,8.551724137931034,6.214285714285714,30.428571428571427,0.0,0.5333333333333333,0.0,0.0,0.0,14.366666666666667,0.6521739130434783,25.0,0.0,0.0,2.933333333333333,20.3,0.0,0.0
cashew,6.82,2.0,61.03448275862069,1.0,0.0,6.0,0.0,36.666666666666664,0.0,1.0,0.0,0.0,0.0,2.9,0.0,1.3,0.7333333333333333,218.0344827586207,124.17391304347827,220.93333333333334,41.964285714285715,24.566666666666666,1.0,0.0,2.5,0.0,78.9,0.0,0.0,3.0,1.0,0.0,144.17857142857142,0.0,0.0,0.0,2.0,0.0,0.43333333333333335,176.10714285714286,0.36666666666666664,19.03448275862069,1.3333333333333333,0.0,3.0,0.0,49.89655172413793,112.9,8.0,6.0,29.5,0.0,0.4666666666666667,0.0,0.0,0.0,15.633333333333333,0.4166666666666667,21.785714285714285,0.0,0.0,3.2,24.964285714285715,0.0,0.0
cashew,4.869999999999997,2.0,51.107142857142854,1.0,0.0,5.0,0.0,31.071428571428573,0.0,1.0,0.0,0.0,0.0,1.0,0.0,1.0,1.0,189.71428571428572,85.7,213.86206896551724,34.24,22.551724137931036,0.0,0.0,2.0,0.0,68.92307692307692,0.0,0.0,2.0,1.0,0.0,123.51724137931035,0.0,0.0,0.0,2.0,0.0,0.0,160.10344827586206,0.0,14.0,1.0,0.0,3.0,0.0,44.93103448275862,101.24137931034483,7.206896551724138,5.0,26.571428571428573,0.0,0.4666666666666667,0.0,0.0,0.0,12.266666666666667,0.08695652173913043,16.896551724137932,0.0,0.0,3.066666666666667,15.6,0.0,0.0
cashew,8.5,2.0,54.0,1.0,0.0,5.448275862068965,0.4,25.466666666666665,0.0,1.0,0.0,0.0,0.0,2.033333333333333,0.0,1.0,0.7333333333333333,194.32142857142858,117.72,207.48275862068965,35.96551724137931,23.285714285714285,0.7333333333333333,0.0,2.2758620689655173,0.0,73.41379310344827,0.0,0.0,3.0,1.0,0.0,133.20689655172413,0.0,0.0,0.0,2.0,0.0,0.0,173.55172413793105,0.0,16.103448275862068,1.0,0.0,3.3448275862068964,0.0,47.52,107.75862068965517,8.0,5.551724137931035,28.037037037037038,0.0,1.0,0.0,0.0,0.0,18.681818181818183,3.2666666666666666,17.51851851851852,0.0,0.0,3.4,21.384615384615383,0.0,0.0
cashew,7.740000000000002,2.0,53.93103448275862,1.0,0.0,5.275862068965517,0.0,32.11538461538461,0.0,1.0,0.0,0.0,0.0,2.3,0.0,1.0,1.0,202.24137931034483,88.26666666666667,207.89655172413794,30.814814814814813,20.20689655172414,0.0,0.0,2.0,0.0,69.0,0.0,0.0,2.5517241379310347,1.0,0.0,126.55555555555556,0.0,0.0,0.0,1.0,0.0,0.4,159.89655172413794,0.0,9.166666666666666,1.0,0.0,3.0,0.0,44.10344827586207,100.34482758620689,7.551724137931035,5.0,25.785714285714285,0.0,1.0,0.0,0.0,0.0,14.357142857142858,3.8620689655172415,15.517241379310345,0.0,0.0,3.066666666666667,13.8,0.0,0.0
cashew,4.399999999999999,1.0,8.137931034482758,1.0,0.0,2.2758620689655173,0.0,6.655172413793103,0.0,0.0,0.0,0.0,0.0,0.0,0.0,0.0,0.0,70.0,38.5,103.72413793103448,6.178571428571429,5.172413793103448,0.0,0.0,0.0,0.0,32.17857142857143,0.0,0.0,0.0,0.6333333333333333,0.0,47.6551724137931,0.0,0.0,0.0,0.0,0.0,0.43333333333333335,77.53571428571429,0.0,0.0,0.43333333333333335,0.0,1.0,0.0,22.892857142857142,56.89655172413793,4.0,1.6428571428571428,13.931034482758621,0.0,0.0,0.0,0.0,0.0,3.5172413793103448,0.2413793103448276,0.4642857142857143,0.0,0.0,3.2666666666666666,1.9655172413793103,0.0,0.0
cashew,2.740000000000002,1.0,9.535714285714286,0.6333333333333333,0.0,2.0,0.3103448275862069,6.3,0.0,0.0,0.0,0.0,0.0,0.0,0.0,0.0,0.0,76.53333333333333,41.5,78.3913043478261,3.0,4.8,0.0,0.0,0.0,0.0,31.333333333333332,0.0,0.0,0.0,0.6666666666666666,0.0,46.1,0.0,0.0,0.0,0.0,0.0,0.26666666666666666,77.35714285714286,0.0,0.0,0.5,0.0,1.3333333333333333,0.0,22.576923076923077,56.206896551724135,4.0,1.2222222222222223,13.566666666666666,0.0,0.0,0.0,0.0,0.0,1.1923076923076923,0.0,0.0,0.0,0.0,3.433333333333333,2.206896551724138,0.0,0.0
cashew,9.11,2.2758620689655173,90.51851851851852,1.6666666666666667,0.0,8.0,0.0,54.827586206896555,0.0,1.0,0.0,0.0,0.0,3.64,0.0,2.0,1.0,296.9259259259259,147.82758620689654,286.2413793103448,59.51851851851852,36.241379310344826,1.0,0.0,4.0,0.0,98.55172413793103,0.0,1.0,5.0,1.0,0.0,188.72413793103448,0.0,1.9,0.0,4.0,0.0,1.0,220.93103448275863,3.933333333333333,39.84,1.0,0.0,4.0,0.0,59.88461538461539,133.17241379310346,10.0,8.0,35.0,0.0,1.0,0.0,0.0,0.0,19.0,4.066666666666666,29.93103448275862,0.0,0.0,3.066666666666667,29.93103448275862,0.0,0.0
cashew,5.780000000000001,1.5666666666666667,49.535714285714285,1.0,0.0,5.0,0.0,29.25925925925926,0.0,1.0,0.0,0.0,0.0,0.6153846153846154,0.0,1.0,0.3333333333333333,191.5185185185185,106.37037037037037,199.79310344827587,33.464285714285715,19.357142857142858,0.26666666666666666,0.0,2.0,0.0,70.125,0.0,0.0,2.2857142857142856,1.0,0.0,120.92857142857143,0.0,0.0,0.0,2.0,0.2413793103448276,0.5,155.26923076923077,0.4,18.384615384615383,1.0,0.0,3.3448275862068964,0.0,45.07142857142857,102.22222222222223,7.0,5.0,26.785714285714285,0.0,0.36666666666666664,0.0,0.0,0.0,10.166666666666666,1.8,18.5,0.0,0.0,3.1666666666666665,19.928571428571427,0.0,0.0
cashew,11.0,2.0,83.65517241379311,1.0,0.0,7.0,0.4444444444444444,47.724137931034484,0.0,1.0,0.0,0.0,0.0,3.0,0.0,2.0,1.0,276.39285714285717,137.89285714285714,267.44827586206895,54.06896551724138,32.0,1.0,0.0,3.586206896551724,0.0,92.14285714285714,0.0,1.0,4.0,1.0,0.0,171.3448275862069,0.0,1.4137931034482758,0.0,3.0,0.0,0.5666666666666667,206.48,1.1666666666666667,28.535714285714285,1.5,0.0,3.4482758620689653,0.0,57.107142857142854,129.5,9.0,7.0,33.7037037037037,0.0,1.0,0.0,0.0,0.0,18.166666666666668,1.7391304347826086,28.551724137931036,0.0,0.0,3.1666666666666665,29.666666666666668,0.0,0.0
cashew,4.189999999999998,1.0,36.96551724137931,1.0,0.0,4.0,0.0,22.375,0.0,1.0,0.0,0.0,0.0,0.0,0.0,1.0,0.36666666666666664,152.67857142857142,68.82142857142857,167.44827586206895,22.06896551724138,15.862068965517242,0.0,0.0,1.0,0.0,59.241379310344826,0.0,0.0,1.2666666666666666,1.0,0.0,95.03448275862068,0.0,0.0,0.0,1.0,0.0,0.0,131.0344827586207,0.0,7.4,0.4666666666666667,0.0,2.0,0.0,35.964285714285715,84.27586206896552,6.0,3.6,21.73076923076923,0.0,0.5,0.0,0.0,0.0,8.333333333333334,0.7333333333333333,7.448275862068965,0.0,0.0,2.9,9.535714285714286,0.0,0.0
cashew,11.659999999999997,2.2857142857142856,86.92592592592592,1.0,0.0,7.607142857142857,0.5862068965517241,36.93333333333333,0.0,1.0,0.0,0.0,0.0,3.933333333333333,0.0,2.0,1.0,280.7692307692308,113.4,243.8095238095238,58.629629629629626,32.03703703703704,1.0,0.0,3.0,0.0,96.55555555555556,0.0,1.0,4.428571428571429,1.0,0.0,178.10714285714286,0.0,0.7037037037037037,0.0,3.3214285714285716,0.36666666666666664,0.5,216.28571428571428,2.1,33.107142857142854,1.0,0.0,3.7142857142857144,0.0,58.785714285714285,131.64285714285714,9.642857142857142,7.296296296296297,34.392857142857146,0.0,1.0,0.0,0.0,0.0,19.666666666666668,5.5,27.5,0.0,0.0,2.925925925925926,21.666666666666668,0.0,0.0
almond,7.07,3.0,274.0344827586207,2.0,0.0,10.0,48.42307692307692,29.06896551724138,0.0,1.0,8.0,1.0,0.3333333333333333,15.0,0.0,3.0,2.0,475.8333333333333,576.1724137931035,24.62962962962963,135.57142857142858,126.85714285714286,1.0,0.0,7.0,0.0,66.15384615384616,1.0,2.0,9.758620689655173,2.0,0.0,292.9655172413793,0.0,19.0,0.0,4.620689655172414,3.7916666666666665,2.0,362.2142857142857,86.14814814814815,111.72413793103448,3.0,0.4,6.0,0.0,122.96551724137932,230.96296296296296,13.0,7.0,48.44827586206897,0.0,2.0,0.0,179.53846153846155,6.0,51.07142857142857,4.0,49.3448275862069,0.0,0.0,4.533333333333333,62.642857142857146,0.0,0.0
almond,9.339999999999996,3.0,285.7241379310345,2.0,0.0,10.0,0.19230769230769232,26.363636363636363,0.0,1.4,8.0,1.0,0.0,15.0,0.0,3.0,2.0,447.56,524.6206896551724,23.36,121.18518518518519,130.31034482758622,1.7,0.0,7.0,0.0,73.4074074074074,1.0,2.0,9.586206896551724,2.0,0.0,303.58620689655174,0.0,19.25,0.0,4.0,0.0,2.0,368.82142857142856,90.62068965517241,109.82758620689656,3.0,0.0,6.551724137931035,0.0,129.44,252.83333333333334,14.0,7.344827586206897,53.3448275862069,0.0,2.0,0.0,113.58620689655173,6.482758620689655,53.57142857142857,3.4827586206896552,46.86206896551724,0.0,0.0,4.133333333333334,63.03448275862069,0.0,0.0
almond,6.059999999999995,2.0,206.59259259259258,1.0,0.0,7.344827586206897,0.0,14.233333333333333,0.0,1.0,4.0,0.26666666666666666,0.0,9.0,0.0,2.0,1.0,310.23809523809524,338.44827586206895,12.607142857142858,91.73076923076923,88.48275862068965,1.0,0.0,5.0,0.0,50.642857142857146,0.0,1.0,6.344827586206897,1.0,0.0,225.06896551724137,0.0,7.0,0.0,1.7586206896551724,0.0,1.0,278.58620689655174,69.46428571428571,71.52,2.0,0.0,4.482758620689655,0.0,99.57692307692308,201.53571428571428,11.275862068965518,5.0,42.758620689655174,0.0,1.6333333333333333,0.0,0.0,0.0,39.06896551724138,0.6333333333333333,18.0,0.0,0.0,3.3666666666666667,39.58620689655172,0.0,0.0
almond,3.1400000000000006,1.0,127.41666666666667,1.0,0.0,4.344827586206897,0.0,3.3666666666666667,0.0,1.0,1.0,0.0,0.0,4.0,0.0,1.0,0.6,175.8846153846154,127.34782608695652,2.7857142857142856,44.827586206896555,47.0,0.0,0.0,2.310344827586207,0.0,27.08695652173913,0.0,0.0,3.0,1.0,0.0,129.79310344827587,0.0,0.0,0.0,0.0,0.0,1.0,163.15384615384616,40.535714285714285,24.655172413793103,1.3666666666666667,0.0,2.310344827586207,0.0,61.758620689655174,126.10714285714286,7.0,3.4482758620689653,27.0,0.0,1.0,0.0,0.0,0.0,22.22222222222222,0.0,0.0,0.0,0.0,3.566666666666667,15.8,0.0,0.0
almond,13.689999999999998,2.0,233.17857142857142,1.4333333333333333,0.0,8.0,0.0,18.033333333333335,0.0,1.0,4.0,0.0,0.0,9.0,0.0,2.0,1.0,332.48148148148147,361.46666666666664,12.0,86.44827586206897,97.96428571428571,1.0,0.0,5.482758620689655,0.0,62.758620689655174,0.6333333333333333,1.0,6.413793103448276,1.0,0.0,233.9655172413793,0.0,6.275862068965517,0.0,1.0,0.0,1.3333333333333333,294.37931034482756,76.27586206896552,71.62962962962963,2.433333333333333,0.0,4.733333333333333,0.0,106.10344827586206,219.55555555555554,12.0,6.517241379310345,46.89655172413793,0.0,2.0,0.0,16.633333333333333,0.0,40.34782608695652,0.4,32.458333333333336,0.0,0.0,2.8666666666666667,42.86666666666667,0.0,0.0
almond,6.789999999999999,2.0,197.92857142857142,1.0,0.0,6.6,0.0,15.233333333333333,0.0,1.0,3.0,0.0,0.0,7.0,0.0,2.0,1.0,271.6551724137931,352.9130434782609,10.566666666666666,72.85714285714286,79.72413793103448,1.0,0.0,4.466666666666667,0.0,52.57142857142857,0.0,1.0,5.0,1.0,0.0,194.67857142857142,0.0,4.066666666666666,0.0,1.0,0.0,1.0,254.55172413793105,66.75862068965517,55.8,2.0,0.0,4.466666666666667,0.0,91.14285714285714,188.31034482758622,10.0,5.333333333333333,40.2962962962963,0.0,1.0,0.0,0.4074074074074074,0.0,33.73913043478261,0.0,20.708333333333332,0.0,0.0,3.2,34.96666666666667,0.0,0.0
almond,13.29,2.0,242.55172413793105,1.5666666666666667,0.0,8.0,0.0,21.866666666666667,0.0,1.0,4.0,0.0,0.0,9.423076923076923,0.0,2.0,1.0,340.2173913043478,391.88461538461536,12.130434782608695,92.17241379310344,104.44827586206897,1.0,0.0,6.0,0.0,67.14285714285714,1.0,1.0,7.0,2.0,0.0,246.58620689655172,0.0,7.642857142857143,0.0,1.5333333333333334,0.0,1.2,315.0740740740741,84.03448275862068,80.52173913043478,3.0,0.0,5.310344827586207,0.0,112.10714285714286,232.80769230769232,13.206896551724139,7.0,49.464285714285715,0.0,1.6666666666666667,0.0,7.896551724137931,0.0,38.89655172413793,0.0,32.357142857142854,0.0,0.0,3.066666666666667,51.607142857142854,0.0,0.0
almond,7.32,2.0,206.22222222222223,1.0,0.0,6.533333333333333,0.0,13.133333333333333,0.0,1.0,2.0,0.0,0.0,7.266666666666667,0.0,2.0,1.0,275.55172413793105,324.75,7.130434782608695,59.96551724137931,82.18518518518519,1.0,0.0,4.6,0.0,52.86206896551724,0.0,1.0,5.0,1.0,0.0,195.10344827586206,0.0,4.068965517241379,0.0,0.0,0.0,1.0,260.5,64.13793103448276,46.58620689655172,2.0,0.0,4.333333333333333,0.0,91.61538461538461,194.35714285714286,11.333333333333334,5.366666666666666,41.03448275862069,0.0,1.0,0.0,0.36666666666666664,0.0,30.862068965517242,0.0,18.652173913043477,0.0,0.0,3.3461538461538463,41.642857142857146,0.0,0.0
almond,5.109999999999999,1.0,123.29629629629629,1.0,0.0,4.0,0.0,3.8666666666666667,0.0,1.0,0.0,0.0,0.0,2.5,0.0,1.0,0.5,160.16666666666666,187.1,0.0,31.535714285714285,46.06896551724138,0.0,0.0,2.3448275862068964,0.0,35.3448275862069,0.0,0.0,2.4482758620689653,1.0,0.0,125.17857142857143,0.0,0.0,0.0,0.0,0.0,0.43333333333333335,185.22222222222223,45.241379310344826,21.0,1.0,0.0,3.0,0.0,67.07692307692308,141.6206896551724,7.758620689655173,3.5172413793103448,30.444444444444443,0.0,1.0,0.0,0.0,0.0,18.79310344827586,0.0,5.466666666666667,0.0,0.0,3.1666666666666665,15.6,0.0,0.0
almond,7.960000000000001,2.0,189.44444444444446,1.0,0.0,6.0,0.0,9.433333333333334,0.0,1.0,1.6296296296296295,0.0,0.0,5.653846153846154,0.0,2.0,1.0,249.88,329.76,5.956521739130435,62.0,73.92,1.0,0.0,4.0,0.0,49.10344827586207,0.0,1.0,4.758620689655173,1.0,0.0,189.3793103448276,0.0,2.966666666666667,0.0,0.0,0.0,1.0,251.41379310344828,64.58333333333333,49.86206896551724,2.0,0.0,4.0,0.0,90.64285714285714,192.25,10.413793103448276,5.0,40.93103448275862,0.0,1.0,0.0,0.0,0.0,29.964285714285715,0.0,18.607142857142858,0.0,0.0,3.3214285714285716,40.92,0.0,0.0
almond,11.229999999999997,2.0,201.89655172413794,1.0,0.0,6.448275862068965,0.0,20.0,0.0,1.0,2.0,0.0,0.0,6.48,0.0,2.0,1.0,270.0,247.86666666666667,12.833333333333334,68.37037037037037,83.20689655172414,1.0,0.0,5.0,0.0,53.48275862068966,0.0,1.0,5.0,1.0,0.0,211.75,0.0,5.172413793103448,0.0,0.5333333333333333,0.0,1.0,277.3103448275862,70.79310344827586,58.206896551724135,2.0,0.0,5.0,0.0,99.53571428571429,209.9655172413793,11.689655172413794,6.0,45.0,0.0,1.3666666666666667,0.0,0.7142857142857143,0.0,30.4,0.0,25.310344827586206,0.0,0.0,3.2666666666666666,31.3,0.0,0.0
almond,14.649999999999999,2.0,241.75862068965517,2.0,0.0,8.0,0.0,25.714285714285715,0.0,1.0,3.5357142857142856,0.0,0.0,8.307692307692308,0.0,2.0,1.5333333333333334,333.2413793103448,331.73333333333335,14.833333333333334,79.14285714285714,99.6896551724138,1.0,0.0,6.0,0.0,63.74074074074074,1.0,1.0,6.620689655172414,2.0,0.0,245.07142857142858,0.0,7.689655172413793,0.0,1.0,0.0,1.0,313.2758620689655,81.55172413793103,73.07142857142857,3.0,0.0,5.448275862068965,0.0,112.14285714285714,234.10344827586206,13.275862068965518,7.0,50.285714285714285,0.0,2.0,0.0,0.44,0.0,39.827586206896555,0.0,27.142857142857142,0.0,0.0,3.2333333333333334,42.6,0.0,0.0
almond,7.949999999999996,2.0,185.42857142857142,1.0,0.0,6.0,0.0,15.88,0.0,1.0,2.0,0.0,0.0,6.0,0.0,2.0,1.0,248.42307692307693,178.08695652173913,10.933333333333334,62.67857142857143,72.89655172413794,1.0,0.0,4.0,0.0,50.592592592592595,0.0,1.0,5.0,1.0,0.0,193.41379310344828,0.0,3.413793103448276,0.0,0.6,0.0,1.0,266.0344827586207,67.92857142857143,55.80769230769231,2.0,0.0,4.379310344827586,0.0,91.5,192.55172413793105,10.96551724137931,5.310344827586207,40.81481481481482,0.0,1.0,0.0,0.16,0.0,30.93103448275862,0.0,20.857142857142858,0.0,0.0,3.033333333333333,20.791666666666668,0.0,0.0
almond,4.899999999999999,1.0,153.5,1.0,0.0,5.0,0.0,9.925925925925926,0.0,1.0,0.5333333333333333,0.0,0.0,3.5185185185185186,0.0,1.0,1.0,194.66666666666666,101.76190476190476,6.466666666666667,39.285714285714285,52.82142857142857,1.0,0.0,3.0,0.0,39.785714285714285,0.0,0.0,3.0,1.0,0.0,146.2962962962963,0.0,0.0,0.0,0.0,0.0,0.7,202.57142857142858,50.92857142857143,33.76923076923077,1.0,0.0,3.0,0.0,71.17857142857143,150.75,8.571428571428571,4.0,32.03846153846154,0.0,1.0,0.0,0.0,0.0,20.821428571428573,0.0,9.666666666666666,0.0,0.0,3.230769230769231,7.6521739130434785,0.0,0.0
almond,8.030000000000001,2.0,181.1851851851852,1.0,0.0,6.535714285714286,0.0,15.56,0.0,1.0,1.4,0.0,0.0,5.230769230769231,0.0,2.0,1.0,236.16666666666666,311.24,11.2,53.851851851851855,69.03571428571429,1.0,0.0,4.0,0.0,48.714285714285715,0.0,1.0,4.357142857142857,1.0,0.0,181.03571428571428,0.0,2.8333333333333335,0.0,0.0,0.0,1.0,257.35714285714283,62.67857142857143,46.67857142857143,2.0,0.0,4.0,0.0,87.53846153846153,184.89285714285714,10.428571428571429,5.0,39.61538461538461,0.0,1.0,0.0,0.18518518518518517,0.0,25.333333333333332,0.0,16.25,0.0,0.0,3.1333333333333333,40.53846153846154,0.0,0.0
almond,7.280000000000001,2.0,197.44444444444446,1.0,0.0,6.655172413793103,0.0,18.48,0.0,1.0,2.0,0.0,0.0,6.0,0.0,2.0,1.0,254.3913043478261,322.59090909090907,9.366666666666667,60.827586206896555,70.85714285714286,1.0,0.0,4.0,0.0,49.48275862068966,0.0,1.0,4.758620689655173,1.0,0.0,192.55172413793105,0.0,2.5357142857142856,0.0,0.43333333333333335,0.0,1.0,252.17241379310346,63.86206896551724,49.67857142857143,2.0,0.0,4.0,0.0,88.29166666666667,185.39285714285714,10.689655172413794,5.0,39.65384615384615,0.0,1.0,0.0,0.0,0.0,29.22222222222222,0.0,17.642857142857142,0.0,0.0,3.392857142857143,37.925925925925924,0.0,0.0
almond,4.769999999999996,1.0,125.39285714285714,1.0,0.0,4.0,0.0,5.72,0.0,1.0,0.0,0.0,0.0,2.0,0.0,1.0,0.7333333333333333,151.14814814814815,207.58333333333334,2.8,25.571428571428573,36.76,0.0,0.0,2.0,0.0,30.892857142857142,0.0,0.0,2.0,1.0,0.0,112.82142857142857,0.0,0.0,0.0,0.0,0.0,0.26666666666666666,169.78571428571428,40.714285714285715,14.071428571428571,1.0,0.0,2.892857142857143,0.0,60.42857142857143,129.46428571428572,7.142857142857143,3.0,27.555555555555557,0.0,1.0,0.0,0.0,0.0,17.296296296296298,0.0,3.1333333333333333,0.0,0.0,3.357142857142857,14.5,0.0,0.0
almond,10.009999999999998,2.0,195.96153846153845,1.0,0.0,6.0,0.0,13.866666666666667,0.0,1.0,2.0,0.0,0.0,6.28,0.0,2.0,1.0,264.76,337.4,6.782608695652174,68.25,74.39285714285714,1.0,0.0,4.0,0.0,52.357142857142854,0.0,1.0,5.0,1.0,0.0,198.96428571428572,0.0,4.035714285714286,0.0,0.26666666666666666,0.0,1.0,269.35714285714283,66.28571428571429,50.666666666666664,2.0,0.0,4.785714285714286,0.0,93.92857142857143,197.89285714285714,10.821428571428571,5.571428571428571,42.42307692307692,0.0,1.0,0.0,0.5357142857142857,0.0,31.035714285714285,0.0,21.8,0.0,0.0,3.3703703703703702,42.53846153846154,0.0,0.0
almond,6.979999999999997,2.0,194.17241379310346,1.0,0.0,6.0,0.0,11.633333333333333,0.0,1.0,2.0,0.0,0.0,6.689655172413793,0.0,2.0,1.0,260.8888888888889,257.8666666666667,8.266666666666667,64.0,71.82758620689656,1.0,0.0,4.0,0.0,51.206896551724135,0.0,1.0,5.0,1.0,0.0,187.92592592592592,0.0,3.8666666666666667,0.0,0.0,0.0,1.0,259.0689655172414,64.0,47.03703703703704,2.0,0.0,4.275862068965517,0.0,89.46428571428571,189.64285714285714,10.482758620689655,5.0,40.55172413793103,0.0,1.0,0.0,0.18518518518518517,0.0,32.5,0.0,17.53846153846154,0.0,0.0,3.1481481481481484,32.7,0.0,0.0
almond,3.5700000000000003,0.5333333333333333,74.58620689655173,0.6666666666666666,0.0,2.0,0.0,0.0,0.0,0.43333333333333335,0.0,0.0,0.0,0.0,0.0,0.0,0.0,76.125,54.5,0.0,6.6,16.807692307692307,0.0,0.0,0.3,0.0,21.555555555555557,0.0,0.0,0.7,1.0,0.0,63.785714285714285,0.0,0.0,0.0,0.0,0.0,0.0,107.37037037037037,25.620689655172413,0.0,0.0,0.0,2.0,0.0,41.10344827586207,89.85714285714286,4.0,2.0,18.896551724137932,0.0,0.0,0.0,0.0,0.0,8.961538461538462,0.0,0.0,0.0,0.0,3.4444444444444446,4.933333333333334,0.0,0.0
almond,2.25,0.0,38.46153846153846,0.0,0.0,1.0,0.0,0.0,0.0,0.0,0.0,0.0,0.0,0.0,0.0,0.0,0.0,22.3,0.0,0.0,2.4285714285714284,1.4137931034482758,0.0,0.0,0.0,0.0,10.592592592592593,0.0,0.0,0.0,0.0,0.0,21.964285714285715,0.0,0.0,0.0,0.0,0.0,0.0,69.79310344827586,14.444444444444445,0.0,0.0,0.0,1.0,0.0,26.379310344827587,61.44827586206897,3.066666666666667,1.0,11.851851851851851,0.0,0.0,0.0,0.0,0.0,2.533333333333333,0.0,0.0,0.0,0.0,3.1923076923076925,1.2142857142857142,0.0,0.0
almond,10.009999999999998,2.0,200.9655172413793,1.0,0.0,6.379310344827586,0.0,11.733333333333333,0.0,1.0,2.0,0.0,0.0,6.896551724137931,0.0,2.0,1.0,270.037037037037,191.76923076923077,7.32,64.35714285714286,75.3103448275862,1.0,0.0,4.0,0.0,52.06896551724138,0.0,1.0,5.0,1.0,0.0,201.6206896551724,0.0,3.7241379310344827,0.0,0.0,0.0,1.0,254.73076923076923,66.10344827586206,52.86206896551724,2.5517241379310347,0.0,4.310344827586207,0.0,93.3103448275862,198.59259259259258,10.793103448275861,5.379310344827586,41.72,0.0,1.0,0.0,0.0,0.0,30.896551724137932,0.0,20.06896551724138,0.0,0.0,3.1666666666666665,23.0,0.0,0.0
almond,8.399999999999999,2.0,199.28571428571428,1.0,0.0,6.3,0.0,11.033333333333333,0.0,1.0,2.1666666666666665,0.0,0.0,7.3,0.0,2.0,1.0,276.8666666666667,282.43333333333334,8.6,61.166666666666664,74.5,1.0,0.0,4.0,0.0,52.36666666666667,0.0,1.0,5.0,1.0,0.0,189.17857142857142,0.0,1.9333333333333333,0.0,0.5333333333333333,0.0,1.0,253.71428571428572,66.7,54.52,2.0,0.0,4.333333333333333,0.0,91.23333333333333,192.6,10.933333333333334,5.0,41.13793103448276,0.0,1.0,0.0,0.32142857142857145,0.0,33.34615384615385,0.0,20.0,0.0,0.0,2.8666666666666667,34.233333333333334,0.0,0.0
almond,11.350000000000001,2.0,212.85714285714286,1.0,0.0,7.0,0.0,14.033333333333333,0.0,1.0,2.3703703703703702,0.0,0.0,6.5,0.0,2.0,1.0,292.2142857142857,229.3,10.633333333333333,64.88888888888889,78.32142857142857,1.0,0.0,4.0,0.0,55.714285714285715,0.0,1.0,5.357142857142857,1.0,0.0,208.57142857142858,0.0,3.0,0.0,0.6333333333333333,0.0,1.0,265.14285714285717,69.92857142857143,59.125,2.2857142857142856,0.0,4.607142857142857,0.0,96.22222222222223,205.32142857142858,11.214285714285714,5.75,43.074074074074076,0.0,1.0,0.0,0.0,0.0,32.5,0.0,22.74074074074074,0.0,0.0,3.066666666666667,27.933333333333334,0.0,0.0
almond,6.809999999999995,1.0,159.76666666666668,1.0,0.0,5.0,0.0,6.466666666666667,0.0,1.0,0.0,0.0,0.0,3.5384615384615383,0.0,1.0,1.0,204.75,250.04,1.4230769230769231,41.48275862068966,49.0,1.0,0.0,2.566666666666667,0.0,40.55555555555556,0.0,0.0,3.0,1.0,0.0,144.3,0.0,0.0,0.0,0.0,0.0,0.43333333333333335,190.93333333333334,49.93333333333333,29.541666666666668,1.2666666666666666,0.0,3.0,0.0,69.93333333333334,150.9655172413793,8.433333333333334,4.0,31.586206896551722,0.0,1.0,0.0,0.0,0.0,20.607142857142858,0.0,9.074074074074074,0.0,0.0,3.066666666666667,27.916666666666668,0.0,0.0
almond,4.619999999999997,1.2666666666666666,156.88888888888889,1.0,0.0,5.0,0.0,3.2333333333333334,0.0,1.0,0.08333333333333333,0.0,0.0,3.7,0.0,1.0,0.6333333333333333,201.23333333333332,207.88888888888889,1.1111111111111112,37.55555555555556,48.86206896551724,0.7,0.0,2.0,0.0,39.888888888888886,0.0,0.0,3.0,1.0,0.0,138.96666666666667,0.0,0.0,0.0,0.0,0.0,0.43333333333333335,186.46666666666667,47.233333333333334,27.066666666666666,1.0,0.0,3.0,0.0,68.35714285714286,147.27586206896552,9.0,4.0,30.551724137931036,0.0,1.0,0.0,0.0,0.0,19.133333333333333,0.0,6.9,0.0,0.0,3.259259259259259,22.357142857142858,0.0,0.0
almond,6.68,2.0,175.07407407407408,1.0,0.0,5.4,0.0,7.666666666666667,0.0,1.0,1.0,0.0,0.0,6.266666666666667,0.0,1.5333333333333334,1.0,232.13793103448276,246.1,4.076923076923077,51.2,60.03333333333333,1.0,0.0,3.0,0.0,45.62068965517241,0.0,1.0,4.0,1.0,0.0,173.83333333333334,0.0,1.0333333333333334,0.0,0.0,0.0,1.0,224.33333333333334,57.2,40.96666666666667,2.0,0.0,4.166666666666667,0.0,82.56521739130434,174.26666666666668,9.7,4.633333333333334,36.766666666666666,0.0,1.0,0.0,0.0,0.0,27.076923076923077,0.0,12.821428571428571,0.0,0.0,3.066666666666667,24.8,0.0,0.0
almond,9.04,2.0,211.44444444444446,1.0,0.0,7.0,0.0,17.366666666666667,0.0,1.0,2.0,0.0,0.0,7.633333333333334,0.0,2.0,1.0,281.48275862068965,314.74074074074076,15.88,65.1,77.86206896551724,1.0,0.0,4.0,0.0,55.12,0.0,1.0,5.533333333333333,1.0,0.0,208.76666666666668,0.0,3.2333333333333334,0.0,0.4,0.0,1.0,265.44827586206895,68.36666666666666,56.0,2.0,0.0,4.8,0.0,95.53333333333333,203.43333333333334,11.233333333333333,6.0,42.724137931034484,0.0,1.0,0.0,0.0,0.0,35.416666666666664,0.0,22.56,0.0,0.0,3.1785714285714284,42.53846153846154,0.0,0.0
almond,5.6299999999999955,1.0,124.33333333333333,1.0,0.0,4.0,0.0,4.766666666666667,0.0,1.0,0.0,0.0,0.0,2.0,0.0,1.0,0.0,158.20689655172413,171.20689655172413,5.1,29.233333333333334,37.766666666666666,0.0,0.0,2.0,0.0,35.0,0.0,0.0,2.6,1.0,0.0,121.03333333333333,0.0,0.0,0.0,0.0,0.0,0.3,166.67857142857142,42.9,20.142857142857142,1.3333333333333333,0.0,3.0,0.0,62.833333333333336,134.9,7.233333333333333,3.0,28.103448275862068,0.0,0.6333333333333333,0.0,0.0,0.0,20.56,0.0,6.72,0.0,0.0,3.3333333333333335,20.366666666666667,0.0,0.0
almond,4.399999999999999,1.0,122.75,1.0,0.0,4.0,0.0,4.533333333333333,0.0,1.0,0.0,0.0,0.0,3.1666666666666665,0.0,1.0,0.3,157.92592592592592,206.0,5.466666666666667,33.53333333333333,43.43333333333333,0.0,0.0,2.0,0.0,35.32142857142857,0.0,0.0,3.0,1.0,0.0,127.44444444444444,0.0,0.0,0.0,0.0,0.0,0.36666666666666664,175.3448275862069,43.76,21.689655172413794,1.0,0.0,3.0,0.0,64.41379310344827,138.3793103448276,7.733333333333333,3.0,29.066666666666666,0.0,1.0,0.0,0.0,0.0,19.925925925925927,0.0,7.4,0.0,0.0,3.1,18.8,0.0,0.0
almond,3.3399999999999963,1.0,77.79310344827586,1.0,0.0,2.0,0.0,0.0,0.0,0.5666666666666667,0.0,0.0,0.0,0.0,0.0,0.0,0.0,78.65384615384616,89.6,1.6666666666666667,17.833333333333332,18.482758620689655,0.0,0.0,0.6666666666666666,0.0,22.678571428571427,0.0,0.0,1.0,1.0,0.0,73.3,0.0,0.0,0.0,0.0,0.0,0.0,116.96666666666667,29.896551724137932,4.068965517241379,0.0,0.0,2.0,0.0,44.793103448275865,100.23333333333333,5.333333333333333,2.0,20.2,0.0,0.0,0.0,0.0,0.0,7.533333333333333,0.0,1.0333333333333334,0.0,0.0,3.1666666666666665,7.233333333333333,0.0,0.0
almond,11.079999999999998,2.3333333333333335,231.33333333333334,1.0,0.0,7.633333333333334,0.0,21.9,0.0,1.0,3.0,0.0,0.0,8.266666666666667,0.0,2.0,1.5666666666666667,323.2,314.3333333333333,18.16,79.53333333333333,87.46428571428571,1.0,0.0,5.0,0.0,60.73913043478261,1.0,1.0,6.0,1.4333333333333333,0.0,230.82758620689654,0.0,6.724137931034483,0.0,1.0,0.0,1.0,298.5357142857143,77.4,68.51724137931035,2.533333333333333,0.0,5.0,0.0,108.72413793103448,228.4814814814815,12.7,6.0,48.86666666666667,0.0,1.5666666666666667,0.0,5.310344827586207,0.0,36.3,0.0,28.93103448275862,0.0,0.0,3.4,46.8,0.0,0.0
almond,8.149999999999999,2.0,195.39285714285714,1.0,0.0,6.0,0.0,16.846153846153847,0.0,1.0,2.0,0.0,0.0,7.142857142857143,0.0,2.0,1.0,257.7692307692308,216.56666666666666,9.733333333333333,61.629629629629626,71.82142857142857,1.0,0.0,4.0,0.0,51.82142857142857,0.0,1.0,5.0,1.0,0.0,188.21428571428572,0.0,3.6666666666666665,0.0,0.0,0.0,1.0,247.375,63.142857142857146,47.03703703703704,2.0,0.0,4.0,0.0,90.48148148148148,192.42307692307693,10.851851851851851,5.0,40.392857142857146,0.0,1.0,0.0,0.2962962962962963,0.0,30.035714285714285,0.0,20.037037037037038,0.0,0.0,2.8076923076923075,29.033333333333335,0.0,0.0
almond,13.829999999999998,2.0,242.92592592592592,2.0,0.0,8.0,0.0,25.291666666666668,0.0,1.0,3.3461538461538463,0.0,0.0,8.590909090909092,0.0,2.0,1.2,337.4642857142857,410.85185185185185,18.392857142857142,88.82608695652173,97.71428571428571,1.0,0.0,5.714285714285714,0.0,66.42857142857143,1.0,1.0,6.785714285714286,2.0,0.0,245.28571428571428,0.0,8.678571428571429,0.0,1.0,0.0,1.0,320.7142857142857,83.78571428571429,77.03846153846153,3.0,0.0,5.392857142857143,0.0,114.0,239.85714285714286,13.607142857142858,7.0,50.888888888888886,0.0,1.5,0.0,10.366666666666667,0.0,37.13333333333333,0.0,25.166666666666668,0.0,0.0,3.2333333333333334,54.80769230769231,0.0,0.0
almond,9.519999999999996,2.0,212.17241379310346,1.0,0.0,7.0,0.0,18.642857142857142,0.0,1.0,2.0833333333333335,0.0,0.0,7.333333333333333,0.0,2.0,1.0,284.6666666666667,326.0344827586207,10.5,68.03448275862068,78.0,1.0,0.0,4.266666666666667,0.0,55.310344827586206,0.0,1.0,5.0,1.0,0.0,196.89285714285714,0.0,4.8,0.0,0.7333333333333333,0.0,1.0,259.2758620689655,69.33333333333333,59.03448275862069,2.433333333333333,0.0,4.466666666666667,0.0,93.75,197.58620689655172,10.566666666666666,6.0,42.107142857142854,0.0,1.0,0.0,0.08333333333333333,0.0,34.30769230769231,0.0,21.0,0.0,0.0,2.966666666666667,42.724137931034484,0.0,0.0
almond,7.890000000000001,2.0,205.69565217391303,1.0,0.0,7.793103448275862,0.043478260869565216,6.333333333333333,0.0,1.0,3.6206896551724137,0.0,0.0,8.0,0.0,2.0,1.0,442.1034482758621,303.53333333333336,11.0,84.8076923076923,40.64,1.0,0.0,4.724137931034483,0.0,53.827586206896555,0.0,1.0,6.0,1.0,0.0,225.06896551724137,0.0,7.0,0.0,1.1333333333333333,0.0,22.608695652173914,97.96551724137932,71.0,61.0,2.0,0.0,4.517241379310345,0.0,53.535714285714285,156.0,11.0,6.0,32.5,0.0,1.5,0.0,12.166666666666666,0.0,38.26086956521739,9.448275862068966,20.233333333333334,0.0,0.0,1.0,36.266666666666666,0.0,0.0
almond,9.909999999999997,2.0,240.86206896551724,1.6,0.0,8.0,0.0,17.066666666666666,0.0,1.0,4.533333333333333,0.0,0.0,10.0,0.0,2.0,1.0,455.6923076923077,425.6296296296296,13.863636363636363,99.44827586206897,48.827586206896555,1.0,0.0,5.6,0.0,67.56,1.0,1.0,7.466666666666667,2.0,0.0,258.9642857142857,0.0,8.928571428571429,0.0,1.7,0.0,27.44,119.5,81.6896551724138,74.48275862068965,3.0,0.0,5.333333333333333,0.0,62.535714285714285,182.6206896551724,13.0,7.0,37.62068965517241,0.0,2.0,0.0,29.633333333333333,0.0,43.32142857142857,11.866666666666667,27.433333333333334,0.0,0.0,0.5333333333333333,56.08,0.0,0.0
almond,4.189999999999998,1.0,149.10344827586206,1.0,0.0,5.0,0.0,3.466666666666667,0.0,1.0,1.0,0.0,0.0,4.0,0.0,1.0,1.0,268.44827586206895,199.6551724137931,1.8571428571428572,39.92857142857143,21.82758620689655,0.26666666666666666,0.0,2.3448275862068964,0.0,35.96551724137931,0.0,0.26666666666666666,3.4482758620689653,1.0,0.0,148.48275862068965,0.0,0.0,0.0,0.0,0.0,10.333333333333334,52.96551724137931,47.0,25.28,1.0,0.0,3.0,0.0,34.30769230769231,108.11111111111111,7.413793103448276,3.689655172413793,22.214285714285715,0.0,0.6,0.0,0.0,0.0,17.566666666666666,3.566666666666667,8.266666666666667,0.0,0.0,0.5333333333333333,21.75,0.0,0.0
almond,9.299999999999997,2.0,199.0,1.0,0.0,6.379310344827586,0.0,13.233333333333333,0.0,1.0,2.5172413793103448,0.0,0.0,7.0,0.0,2.0,1.0,371.9655172413793,297.62068965517244,7.173913043478261,68.86206896551724,35.0,1.0,0.0,4.0,0.0,52.32142857142857,0.0,1.0,6.0,1.0,0.0,212.86206896551724,0.0,4.241379310344827,0.0,0.7,0.0,22.06896551724138,101.24137931034483,67.89655172413794,53.6551724137931,2.0,0.0,4.551724137931035,0.0,50.64,153.07142857142858,11.10344827586207,5.344827586206897,31.689655172413794,0.0,1.0,0.0,0.0,0.0,34.07692307692308,10.08,23.82758620689655,0.0,0.0,0.7333333333333333,43.041666666666664,0.0,0.0
almond,13.659999999999997,2.0,252.13793103448276,1.4666666666666666,0.0,8.0,0.0,17.433333333333334,0.0,1.0,4.0,0.0,0.0,9.357142857142858,0.0,2.0,1.0,478.57142857142856,414.77777777777777,12.956521739130435,87.41379310344827,48.5,1.0,0.0,5.413793103448276,0.0,66.48148148148148,1.0,1.0,7.517241379310345,1.6333333333333333,0.0,259.2068965517241,0.0,7.137931034482759,0.0,1.3333333333333333,0.0,29.551724137931036,129.89655172413794,82.13793103448276,74.3913043478261,3.0,0.0,5.379310344827586,0.0,61.5,182.0344827586207,13.03448275862069,7.0,37.58620689655172,0.0,2.0,0.0,2.5357142857142856,0.0,41.78260869565217,10.862068965517242,30.96551724137931,0.0,0.0,0.8333333333333334,54.42307692307692,0.0,0.0
almond,5.939999999999998,2.0,200.27586206896552,1.0,0.0,6.517241379310345,0.0,11.133333333333333,0.0,1.0,2.0,0.0,0.0,5.541666666666667,0.0,2.0,1.0,372.2068965517241,323.96153846153845,6.269230769230769,66.0,32.392857142857146,1.0,0.0,4.0,0.0,49.06896551724138,0.0,1.0,5.0,1.0,0.0,196.44,0.0,3.0,0.0,0.43333333333333335,0.0,20.571428571428573,92.17241379310344,61.758620689655174,45.42307692307692,2.0,0.0,4.0,0.0,45.34615384615385,137.15384615384616,10.0,5.0,28.62962962962963,0.0,1.0,0.0,0.0,0.0,30.44,6.866666666666666,19.925925925925927,0.0,0.0,0.5666666666666667,37.69230769230769,0.0,0.0
almond,11.519999999999996,2.0,209.75862068965517,1.0,0.0,7.0,0.0,9.933333333333334,0.0,1.0,3.0,0.0,0.0,7.62962962962963,0.0,2.0,1.0,397.8965517241379,354.9166666666667,8.88888888888889,74.58620689655173,38.57142857142857,1.0,0.0,4.482758620689655,0.0,54.51724137931034,0.0,1.0,6.0,1.0,0.0,223.9655172413793,0.0,4.428571428571429,0.0,1.0,0.0,23.17241379310345,104.96551724137932,71.13793103448276,56.92,2.0,0.0,5.0,0.0,52.375,159.56,11.0,6.0,33.0,0.0,1.5666666666666667,0.0,1.2307692307692308,0.0,36.80769230769231,9.433333333333334,25.625,0.0,0.0,0.6666666666666666,46.035714285714285,0.0,0.0
almond,9.18,2.0,212.10344827586206,1.0,0.0,7.0,0.0,11.933333333333334,0.0,1.0,3.0,0.0,0.0,7.0,0.0,2.0,1.0,390.8965517241379,317.55172413793105,8.0,73.41379310344827,38.03448275862069,1.0,0.0,4.344827586206897,0.0,52.96551724137931,0.0,1.0,6.0,1.0,0.0,216.55172413793105,0.0,4.25,0.0,0.6333333333333333,0.0,22.869565217391305,102.34482758620689,66.55172413793103,50.206896551724135,2.0,0.0,4.0,0.0,49.666666666666664,151.23076923076923,11.137931034482758,5.0,31.37037037037037,0.0,1.0,0.0,0.37037037037037035,0.0,27.066666666666666,7.466666666666667,22.892857142857142,0.0,0.0,0.5,40.3448275862069,0.0,0.0
almond,6.93,2.0,184.24137931034483,1.0,0.0,6.0,0.0,14.875,0.0,1.0,1.6666666666666667,0.0,0.0,5.36,0.0,2.0,1.0,340.3103448275862,269.4642857142857,7.1,58.3448275862069,30.03448275862069,1.0,0.0,3.2758620689655173,0.0,45.310344827586206,0.0,1.0,5.0,1.0,0.0,188.76,0.0,2.0714285714285716,0.0,0.0,0.0,17.357142857142858,82.41379310344827,59.03448275862069,41.44827586206897,2.0,0.0,4.0,0.0,43.27272727272727,133.9655172413793,10.068965517241379,4.655172413793103,27.44,0.0,1.0,0.0,0.0,0.0,27.53846153846154,6.9655172413793105,17.25,0.0,0.0,0.6333333333333333,32.3448275862069,0.0,0.0
almond,9.229999999999997,2.0,200.89285714285714,1.0,0.0,6.678571428571429,0.0,18.615384615384617,0.0,1.0,2.392857142857143,0.0,0.0,6.769230769230769,0.0,2.0,1.0,372.39285714285717,308.17857142857144,10.833333333333334,71.28571428571429,36.07142857142857,1.0,0.0,4.0,0.0,51.65384615384615,0.0,1.0,5.714285714285714,1.0,0.0,214.03571428571428,0.0,3.8333333333333335,0.0,0.6333333333333333,0.0,19.678571428571427,91.25925925925925,65.92857142857143,49.76,2.0,0.0,4.285714285714286,0.0,49.392857142857146,150.78571428571428,11.035714285714286,5.0,30.85185185185185,0.0,1.0,0.0,0.0,0.0,30.464285714285715,6.7,19.8,0.0,0.0,0.4666666666666667,39.535714285714285,0.0,0.0
almond,9.649999999999999,2.0,224.42857142857142,1.2,0.0,7.0,0.0,22.863636363636363,0.0,1.0,3.0,0.0,0.0,8.0,0.0,2.0,1.0,410.2962962962963,291.76666666666665,12.066666666666666,80.03571428571429,41.714285714285715,1.0,0.0,5.0,0.0,56.0,0.0,1.0,6.464285714285714,1.0,0.0,235.42857142857142,0.0,4.68,0.0,1.0,0.0,23.4,103.85714285714286,71.75,55.407407407407405,2.0,0.0,5.0,0.0,54.142857142857146,163.10714285714286,11.785714285714286,6.0,34.0,0.0,1.4,0.0,1.28,0.0,28.433333333333334,8.566666666666666,26.214285714285715,0.0,0.0,0.5,28.5,0.0,0.0
almond,2.049999999999997,0.0,35.25,0.6666666666666666,0.0,1.0,0.0,0.0,0.0,0.0,0.0,0.0,0.0,0.0,0.0,0.0,0.0,37.111111111111114,39.13333333333333,0.0,2.423076923076923,0.0,0.0,0.0,0.0,0.0,8.642857142857142,0.0,0.0,0.0,0.0,0.0,32.67857142857143,0.0,0.0,0.0,0.0,0.0,0.0,1.1,13.535714285714286,0.0,0.0,0.0,1.0,0.0,7.5,40.035714285714285,2.3214285714285716,0.6666666666666666,7.285714285714286,0.0,0.0,0.0,0.0,0.0,0.8333333333333334,0.0,0.0,0.0,0.0,0.6,0.8571428571428571,0.0,0.0
almond,3.3999999999999986,1.0,105.10714285714286,1.0,0.0,3.0,0.0,1.3,0.0,1.0,0.0,0.0,0.0,1.206896551724138,0.0,1.0,0.0,174.78571428571428,148.91666666666666,3.5,24.75,13.678571428571429,0.0,0.0,1.0,0.0,25.892857142857142,0.0,0.0,2.0,1.0,0.0,102.35714285714286,0.0,0.0,0.0,0.0,0.0,5.423076923076923,33.25,33.57142857142857,4.966666666666667,1.0,0.0,2.3214285714285716,0.0,23.928571428571427,82.82142857142857,6.0,2.4285714285714284,16.214285714285715,0.0,0.5333333333333333,0.0,0.0,0.0,13.391304347826088,1.5333333333333334,1.5,0.0,0.0,0.5333333333333333,15.291666666666666,0.0,0.0
almond,5.229999999999997,1.0,150.89285714285714,1.0,0.0,5.0,0.0,3.2333333333333334,0.0,1.0,0.4827586206896552,0.0,0.0,3.6538461538461537,0.0,1.0,0.3333333333333333,265.0,213.59259259259258,1.8148148148148149,43.17857142857143,23.142857142857142,0.6,0.0,2.0,0.0,37.370370370370374,0.0,0.0,3.3793103448275863,1.0,0.0,147.5,0.0,0.0,0.0,0.0,0.0,10.464285714285714,55.44444444444444,47.42857142857143,27.08,1.0,0.0,3.0,0.0,34.0,112.5,7.9655172413793105,3.586206896551724,22.428571428571427,0.0,1.0,0.0,0.0,0.0,18.82758620689655,5.444444444444445,7.310344827586207,0.0,0.0,1.0,24.59259259259259,0.0,0.0
almond,5.649999999999999,1.3,161.82142857142858,1.0,0.0,5.0,0.0,7.833333333333333,0.0,1.0,1.0,0.0,0.0,4.586206896551724,0.0,1.0,1.0,292.7916666666667,271.07142857142856,2.5384615384615383,54.214285714285715,25.896551724137932,1.0,0.0,3.0,0.0,40.766666666666666,0.0,1.0,4.0,1.0,0.0,166.58620689655172,0.0,0.36666666666666664,0.0,0.0,0.0,12.607142857142858,63.93103448275862,52.56,29.59259259259259,1.0,0.0,3.7333333333333334,0.0,38.93103448275862,123.55172413793103,8.8,4.0,25.444444444444443,0.0,1.0,0.0,0.21428571428571427,0.0,21.75,5.166666666666667,11.2,0.0,0.0,0.6666666666666666,25.0,0.0,0.0
bread,3.6499999999999986,2.4482758620689653,260.51724137931035,1.6666666666666667,0.0,8.0,0.0,20.666666666666668,0.0,1.0,0.0,0.0,0.0,7.37037037037037,0.0,2.0,1.0,325.48275862068965,297.8666666666667,28.791666666666668,73.58620689655173,40.0,2.0,0.0,4.344827586206897,0.0,55.06896551724138,0.0,1.0,5.275862068965517,1.0,0.0,204.48275862068965,0.0,7.344827586206897,0.0,0.5666666666666667,0.0,1.0,250.46428571428572,46.172413793103445,51.964285714285715,2.5172413793103448,0.0,3.9655172413793105,0.0,45.714285714285715,140.75862068965517,10.0,5.0,27.52,0.0,2.0,0.0,0.0,0.0,29.06896551724138,8.464285714285714,18.607142857142858,0.0,0.0,3.36,0.9666666666666667,0.0,0.0
bread,0.9399999999999977,0.0,35.214285714285715,0.43333333333333335,0.0,1.0,0.0,0.0,0.0,0.0,0.0,0.0,0.0,0.0,0.0,0.0,0.0,11.310344827586206,10.689655172413794,0.0,1.6551724137931034,0.0,0.0,0.0,0.0,0.0,6.346153846153846,0.0,0.0,0.0,0.0,0.0,2.2413793103448274,0.0,0.0,0.0,0.0,0.0,0.0,25.37037037037037,1.2758620689655173,0.0,0.0,0.0,0.4827586206896552,0.0,1.2222222222222223,26.482758620689655,1.3103448275862069,0.0,3.3793103448275863,0.0,0.0,0.0,0.0,0.0,0.0,0.0,0.0,0.0,0.0,3.3,0.0,0.0,0.0
bread,0.9399999999999977,0.0,34.8,0.5666666666666667,0.0,0.6,0.0,0.0,0.0,0.0,0.0,0.0,0.0,0.0,0.0,0.0,0.0,8.206896551724139,9.433333333333334,0.0,1.8620689655172413,0.0,0.0,0.0,0.0,0.0,6.111111111111111,0.0,0.0,0.0,0.0,0.0,1.6071428571428572,0.0,0.0,0.0,0.0,0.0,0.0,23.321428571428573,0.9666666666666667,0.0,0.0,0.0,0.5333333333333333,0.0,1.3666666666666667,27.689655172413794,1.5333333333333334,0.0,3.433333333333333,0.0,0.0,0.0,0.0,0.0,0.0,0.0,0.0,0.0,0.0,3.2413793103448274,0.0,0.0,0.0
bread,2.1799999999999997,2.0,186.06896551724137,1.0,0.0,6.0,0.43333333333333335,14.0,0.0,1.0,0.0,0.0,0.0,4.0,0.0,1.0,1.0,220.17241379310346,223.44827586206895,19.933333333333334,42.241379310344826,24.620689655172413,1.0,0.0,2.6206896551724137,0.0,39.06896551724138,0.0,0.0,3.0,1.0,0.0,133.6551724137931,0.0,0.6551724137931034,0.0,0.0,0.0,0.4,178.96296296296296,31.06896551724138,23.24137931034483,1.6,0.0,3.0,0.0,31.26923076923077,104.39285714285714,7.482758620689655,3.0,19.964285714285715,0.0,1.0,0.0,0.0,0.0,20.037037037037038,3.6333333333333333,5.9,0.0,0.0,3.4,0.0,0.0,0.0
bread,1.8799999999999955,1.0,140.6206896551724,1.0,0.0,4.0,0.0,7.166666666666667,0.0,1.0,0.0,0.0,0.0,1.5217391304347827,0.0,1.0,0.7333333333333333,156.60714285714286,179.3793103448276,13.866666666666667,29.620689655172413,15.655172413793103,1.0,0.0,1.0,0.0,29.06896551724138,0.0,0.0,1.7666666666666666,1.0,0.0,101.06896551724138,0.0,0.0,0.0,0.0,0.0,0.26666666666666666,139.79310344827587,23.862068965517242,11.392857142857142,1.0,0.0,2.3333333333333335,0.0,22.333333333333332,82.03448275862068,5.966666666666667,2.3666666666666667,15.192307692307692,0.0,0.43333333333333335,0.0,0.0,0.0,15.043478260869565,1.4333333333333333,1.6551724137931034,0.0,0.0,2.7666666666666666,0.0,0.0,0.0
bread,3.299999999999997,1.0,157.63333333333333,1.0,0.0,5.0,0.0,6.366666666666666,0.0,1.0,0.0,0.0,0.0,3.0,0.0,1.0,0.6666666666666666,187.78571428571428,159.03333333333333,16.566666666666666,32.32142857142857,20.275862068965516,1.0,0.0,2.0,0.0,34.46666666666667,0.0,0.0,2.2333333333333334,1.0,0.0,117.26666666666667,0.0,0.0,0.0,0.0,0.36666666666666664,0.4666666666666667,161.28571428571428,28.24137931034483,19.48148148148148,1.2666666666666666,0.0,2.6,0.0,25.958333333333332,91.28571428571429,6.866666666666666,3.0,17.043478260869566,0.0,1.0,0.0,0.0,0.0,17.8,1.8333333333333333,1.8333333333333333,0.0,0.0,2.607142857142857,0.0,0.0,0.0
bread,1.9299999999999997,1.0,120.79310344827586,1.0,0.0,3.4,0.0,0.0,0.0,1.0,0.0,0.0,0.0,1.0,0.0,1.0,0.0,134.51724137931035,101.7,7.285714285714286,19.517241379310345,10.551724137931034,1.0,0.0,0.7666666666666667,0.0,25.576923076923077,0.0,0.0,1.0,1.0,0.0,80.44827586206897,0.0,0.0,0.0,0.0,0.0,0.5333333333333333,114.03846153846153,18.96551724137931,2.5,0.5333333333333333,0.0,2.0,0.0,17.85185185185185,71.41379310344827,5.233333333333333,2.0,12.814814814814815,0.0,1.0,0.0,0.0,0.0,7.6923076923076925,1.206896551724138,0.0,0.0,0.0,3.0,0.0,0.0,0.0
bread,4.6299999999999955,2.0,243.93103448275863,1.2666666666666666,0.0,8.0,0.0,10.533333333333333,0.0,1.0,0.0,0.0,0.0,6.454545454545454,0.0,2.0,1.0,312.58620689655174,273.46666666666664,27.24,68.82758620689656,36.310344827586206,2.0,0.0,4.0,0.0,51.06896551724138,0.0,1.0,5.0,1.0,0.0,196.27586206896552,0.0,5.571428571428571,0.0,0.6,0.0,1.0,245.17857142857142,46.375,43.03333333333333,2.2758620689655173,0.0,4.0,0.0,44.44444444444444,137.20689655172413,9.689655172413794,5.0,27.214285714285715,0.0,2.0,0.0,0.0,0.0,27.14814814814815,7.482758620689655,17.40740740740741,0.0,0.0,2.5714285714285716,0.20833333333333334,0.0,0.0
bread,3.3999999999999986,2.0,214.9655172413793,1.0,0.0,7.0,0.0,10.2,0.0,1.0,0.0,0.0,0.0,5.0,0.0,2.0,1.0,276.37931034482756,209.96666666666667,21.6,54.57142857142857,30.142857142857142,2.0,0.0,3.0,0.0,44.793103448275865,0.0,1.0,4.0,1.0,0.0,172.44827586206895,0.0,2.3214285714285716,0.0,0.0,0.4666666666666667,1.0,230.0344827586207,39.206896551724135,40.22222222222222,2.0,0.0,3.3448275862068964,0.0,38.5,120.75862068965517,8.89655172413793,4.0,23.357142857142858,0.0,1.5333333333333334,0.0,0.0,0.0,21.142857142857142,5.892857142857143,13.28,0.0,0.0,3.1333333333333333,0.0,0.0,0.0
bread,2.3999999999999986,1.0,101.14285714285714,0.26666666666666666,0.0,3.0,0.0,0.0,0.0,0.5666666666666667,0.0,0.0,0.0,0.5666666666666667,0.0,0.0,0.0,111.55172413793103,122.83333333333333,4.25,10.733333333333333,7.0,1.0,0.0,0.0,0.0,19.06896551724138,0.0,0.0,0.0,1.0,0.0,63.48275862068966,0.0,0.0,0.0,0.0,0.0,0.5333333333333333,97.04166666666667,14.862068965517242,0.0,1.0,0.0,1.4333333333333333,0.0,14.88888888888889,61.86206896551724,4.517241379310345,1.5,10.481481481481481,0.0,1.0,0.0,0.0,0.0,6.821428571428571,1.0,0.0,0.0,0.0,3.0,0.0,0.0,0.0
bread,3.75,1.0,119.3103448275862,1.0,0.0,3.3448275862068964,0.0,2.8333333333333335,0.0,1.0,0.0,0.0,0.0,1.0,0.0,1.0,0.0,133.10344827586206,151.32,6.44,14.89655172413793,11.307692307692308,1.0,0.0,1.0,0.0,23.333333333333332,0.0,0.0,1.0,1.0,0.0,84.44827586206897,0.0,0.0,0.0,0.0,0.21428571428571427,0.0,127.70370370370371,20.423076923076923,5.066666666666666,0.5333333333333333,0.0,2.2758620689655173,0.0,19.5,73.10714285714286,5.448275862068965,2.0,13.551724137931034,0.0,1.0,0.0,0.0,0.0,8.931034482758621,1.5,0.0,0.0,0.0,3.2142857142857144,0.0,0.0,0.0
bread,3.549999999999997,2.0,218.48275862068965,1.0,0.0,7.0,0.18518518518518517,12.2,0.0,1.0,0.0,0.0,0.0,5.0,0.0,2.0,1.0,278.2413793103448,279.9310344827586,22.045454545454547,55.3448275862069,30.75862068965517,2.0,0.0,3.0,0.0,44.37931034482759,0.0,1.0,4.0,1.0,0.0,172.6206896551724,0.0,3.5517241379310347,0.0,0.3,0.0,1.0,219.89655172413794,39.629629629629626,37.958333333333336,2.0,0.0,3.6551724137931036,0.0,39.13793103448276,123.07407407407408,8.724137931034482,4.0,24.14814814814815,0.0,2.0,0.0,0.0,0.0,25.125,3.6666666666666665,11.192307692307692,0.0,0.0,3.2333333333333334,0.0,0.0,0.0
bread,6.659999999999997,3.0,263.41379310344826,2.0,0.0,8.0,0.0,26.916666666666668,0.0,1.0,0.0,0.0,0.0,8.689655172413794,0.0,2.0,1.4333333333333333,342.32142857142856,334.06666666666666,35.96551724137931,70.93103448275862,41.18518518518518,2.0,0.0,5.0,0.0,57.689655172413794,0.0,1.0,6.0,1.0,0.0,224.55172413793105,0.0,6.428571428571429,0.0,0.6666666666666666,0.0,1.0,280.6896551724138,49.13793103448276,56.407407407407405,2.0,0.0,4.0,0.0,49.56,148.58620689655172,10.793103448275861,5.310344827586207,29.448275862068964,0.0,2.0,0.0,0.4642857142857143,0.0,30.964285714285715,9.25925925925926,14.666666666666666,0.0,0.0,3.1785714285714284,1.8666666666666667,0.0,0.0
bread,1.5700000000000003,1.0,156.9655172413793,1.0,0.0,5.0,0.0,5.137931034482759,0.0,1.0,0.0,0.0,0.0,3.3793103448275863,0.0,1.0,1.0,180.58620689655172,134.66666666666666,13.44,30.79310344827586,18.24137931034483,1.0,0.0,1.7241379310344827,0.0,31.93103448275862,0.0,0.0,2.0,1.0,0.0,122.13793103448276,0.0,0.0,0.0,0.0,0.4,0.3,169.82758620689654,29.413793103448278,18.6,1.0,0.0,3.0,0.0,27.25,94.06896551724138,6.551724137931035,3.0,18.32,0.0,1.0,0.0,0.0,0.0,13.931034482758621,3.6785714285714284,2.0689655172413794,0.0,0.0,3.2222222222222223,0.0,0.0,0.0
bread,2.8200000000000003,2.0,202.17241379310346,1.0,0.0,6.0,0.0,9.966666666666667,0.0,1.0,0.0,0.0,0.0,5.655172413793103,0.0,2.0,1.0,248.6206896551724,294.11538461538464,19.458333333333332,49.275862068965516,26.96551724137931,2.0,0.0,3.0,0.0,43.44827586206897,0.0,1.0,4.0,1.0,0.0,165.14285714285714,0.0,1.9,0.0,0.0,0.43333333333333335,1.0,215.03571428571428,38.44827586206897,37.15384615384615,1.6333333333333333,0.0,3.3448275862068964,0.0,36.81818181818182,117.48275862068965,8.827586206896552,4.0,23.16,0.0,2.0,0.0,0.0,0.0,24.08,6.478260869565218,9.633333333333333,0.0,0.0,3.9,0.0,0.0,0.0
bread,2.8900000000000006,2.0,211.10344827586206,1.0,0.0,6.551724137931035,0.0,11.666666666666666,0.0,1.0,0.0,0.0,0.0,6.0,0.0,2.0,1.0,259.86206896551727,317.5,21.772727272727273,57.51724137931034,31.724137931034484,2.0,0.0,3.0,0.0,47.25925925925926,0.0,1.0,4.344827586206897,1.0,0.0,178.5,0.0,3.066666666666667,0.0,0.0,0.26666666666666666,1.0,230.0344827586207,42.68,31.5,2.0,0.0,3.8275862068965516,0.0,39.76923076923077,126.75,9.206896551724139,4.0,25.0,0.0,1.6,0.0,0.0,0.0,20.466666666666665,5.5,12.807692307692308,0.0,0.0,3.3703703703703702,0.18518518518518517,0.0,0.0
bread,1.9299999999999997,1.0,115.51724137931035,1.0,0.0,3.0,0.0,1.5666666666666667,0.0,0.36666666666666664,0.0,0.0,0.0,1.2333333333333334,0.0,1.0,0.0,125.06896551724138,126.53571428571429,5.181818181818182,11.89655172413793,7.068965517241379,1.0,0.0,0.0,0.0,22.310344827586206,0.0,0.0,0.6666666666666666,1.0,0.0,74.24137931034483,0.0,0.0,0.0,0.0,0.2413793103448276,0.0,114.82758620689656,19.444444444444443,1.3103448275862069,0.0,0.0,2.0,0.0,16.77777777777778,68.10714285714286,4.448275862068965,2.0,12.678571428571429,0.0,1.0,0.0,0.0,0.0,7.333333333333333,1.3333333333333333,0.0,0.0,0.0,3.3793103448275863,0.0,0.0,0.0
bread,2.059999999999995,1.0,100.13333333333334,1.0,0.0,3.0,0.0,0.34615384615384615,0.0,0.0,0.0,0.0,0.0,0.26666666666666666,0.0,0.6333333333333333,0.0,95.06666666666666,65.86666666666666,7.166666666666667,10.620689655172415,5.366666666666666,1.0,0.0,0.0,0.0,20.766666666666666,0.0,0.0,0.36666666666666664,1.0,0.0,62.9,0.0,0.0,0.0,0.0,0.0,0.0,108.57142857142857,17.608695652173914,0.9333333333333333,0.0,0.0,2.0,0.0,15.11111111111111,62.93333333333333,4.433333333333334,1.4666666666666666,11.214285714285714,0.0,1.0,0.0,0.0,0.0,7.285714285714286,0.7666666666666667,0.0,0.0,0.0,3.0,0.0,0.0,0.0
bread,1.2899999999999991,0.0,73.17241379310344,0.26666666666666666,0.0,2.0,0.0,0.0,0.0,0.0,0.0,0.0,0.0,0.0,0.0,0.0,0.0,64.81481481481481,57.46666666666667,0.0,3.8,0.5517241379310345,0.0,0.0,0.0,0.0,13.892857142857142,0.0,0.0,0.0,1.0,0.0,31.48148148148148,0.0,0.0,0.0,0.0,0.0,0.36666666666666664,68.75862068965517,12.214285714285714,0.0,0.0,0.0,1.0,0.0,7.962962962962963,46.58620689655172,2.966666666666667,1.0,7.464285714285714,0.0,0.0,0.0,0.0,0.0,2.3333333333333335,0.0,0.0,0.0,0.0,3.0,0.0,0.0,0.0
bread,0.8799999999999955,0.0,22.85185185185185,0.0,0.0,0.0,0.0,0.0,0.0,0.0,0.0,0.0,0.0,0.0,0.0,0.0,0.0,1.0357142857142858,0.08333333333333333,0.0,1.5666666666666667,0.0,0.0,0.0,0.0,0.0,1.8666666666666667,0.0,0.0,0.0,0.0,0.0,1.3448275862068966,0.0,0.0,0.0,0.0,0.0,0.0,19.571428571428573,1.3666666666666667,0.0,0.0,0.0,0.0,0.0,0.0,18.379310344827587,0.7333333333333333,0.0,1.3333333333333333,0.0,0.0,0.0,0.0,0.0,0.0,0.0,0.0,0.0,0.0,3.4285714285714284,0.0,0.0,0.0
bread,3.1000000000000014,1.0,156.31034482758622,1.0,0.0,5.0,0.0,9.541666666666666,0.0,1.0,0.0,0.0,0.0,2.888888888888889,0.0,1.0,0.7,185.48275862068965,219.71428571428572,17.8,35.107142857142854,19.925925925925927,1.0,0.0,2.0,0.0,34.758620689655174,0.0,0.0,2.0,1.0,0.0,120.96551724137932,0.0,0.0,0.0,0.0,0.0,0.5333333333333333,166.08,28.214285714285715,19.93103448275862,1.2666666666666666,0.0,3.0,0.0,27.44,94.32142857142857,7.379310344827586,3.0,17.85185185185185,0.0,1.0,0.0,0.0,0.0,13.0,1.3333333333333333,4.6,0.0,0.0,3.5714285714285716,0.0,0.0,0.0
bread,3.019999999999996,2.0,186.13793103448276,1.0,0.0,6.0,0.0,14.416666666666666,0.0,1.0,0.0,0.0,0.0,4.28,0.0,2.0,1.0,229.03571428571428,284.5357142857143,21.75862068965517,52.13793103448276,25.103448275862068,1.3,0.0,3.0,0.0,40.958333333333336,0.0,0.7333333333333333,3.7241379310344827,1.0,0.0,160.03571428571428,0.0,1.75,0.0,0.3333333333333333,0.0,0.7333333333333333,203.34615384615384,37.6551724137931,29.733333333333334,1.4666666666666666,0.0,3.0,0.0,36.275862068965516,117.42307692307692,8.620689655172415,4.0,22.46153846153846,0.0,2.0,0.0,0.0,0.0,24.52,3.3333333333333335,11.5,0.0,0.0,3.9,0.0,0.0,0.0
bread,1.9799999999999969,1.5333333333333334,168.9655172413793,1.0,0.0,5.0,0.0,12.391304347826088,0.0,1.0,0.0,0.0,0.0,3.28,0.0,1.0,1.0,199.27586206896552,222.48275862068965,18.24137931034483,38.0,19.785714285714285,1.0,0.0,2.0,0.0,35.310344827586206,0.0,0.0,3.0,1.0,0.0,136.6206896551724,0.0,0.0,0.0,0.0,0.0,0.43333333333333335,171.39285714285714,30.103448275862068,22.137931034482758,1.3,0.0,2.793103448275862,0.0,30.214285714285715,100.03448275862068,6.827586206896552,3.0,19.379310344827587,0.0,1.0,0.0,0.0,0.0,18.84,2.433333333333333,5.166666666666667,0.0,0.0,3.5,0.0,0.0,0.0
bread,3.469999999999999,1.3666666666666667,169.13793103448276,1.0,0.0,5.0,0.0,8.566666666666666,0.0,1.0,0.0,0.0,0.0,4.7,0.0,1.0,0.4,205.75862068965517,220.23076923076923,15.72,41.77777777777778,22.03448275862069,1.0,0.0,2.0,0.0,37.310344827586206,0.0,0.0,3.0,1.0,0.0,133.17241379310346,0.0,0.0,0.0,0.0,0.0,0.5666666666666667,178.58620689655172,30.24137931034483,24.11111111111111,1.0,0.0,3.0,0.0,28.653846153846153,94.75862068965517,7.0,3.0,18.25,0.0,1.0,0.0,0.0,0.0,17.14814814814815,4.206896551724138,4.333333333333333,0.0,0.0,3.0,0.0,0.0,0.0
bread,1.6299999999999955,0.0,78.17857142857143,0.4666666666666667,0.0,2.0,0.0,0.0,0.0,0.0,0.0,0.0,0.0,0.0,0.0,0.0,0.0,79.96551724137932,62.36666666666667,0.5,10.433333333333334,4.266666666666667,0.0,0.0,0.0,0.0,17.17241379310345,0.0,0.0,0.0,0.6,0.0,47.41379310344828,0.0,0.0,0.0,0.0,0.0,0.0,84.82142857142857,13.62962962962963,0.0,0.0,0.0,1.0,0.0,11.32,50.51724137931034,3.185185185185185,1.0,9.0,0.0,0.0,0.0,0.0,0.0,2.7333333333333334,0.0,0.0,0.0,0.0,3.2142857142857144,0.0,0.0,0.0
bread,5.399999999999999,3.0,293.2413793103448,2.0,0.0,9.310344827586206,0.0,31.103448275862068,0.0,1.0,0.0,0.0,0.0,9.96551724137931,0.0,3.0,1.0,387.32142857142856,411.7916666666667,40.41379310344828,92.14285714285714,49.13793103448276,2.0,0.0,6.0,0.0,65.03448275862068,1.0,1.0,7.0,1.3666666666666667,0.0,247.6551724137931,0.0,7.413793103448276,0.0,1.0,0.0,1.0,305.51851851851853,54.392857142857146,67.25,2.7241379310344827,0.0,4.862068965517241,0.0,54.74074074074074,158.68965517241378,11.517241379310345,6.0,31.79310344827586,0.0,2.0,0.0,1.6071428571428572,0.0,35.3448275862069,9.923076923076923,16.966666666666665,0.0,0.0,3.5555555555555554,2.0,0.0,0.0
bread,4.399999999999999,1.0,168.3448275862069,1.0,0.0,5.0,0.0,8.6,0.0,1.0,0.0,0.0,0.0,3.32,0.0,1.0,0.43333333333333335,210.58620689655172,252.86206896551724,14.652173913043478,50.06666666666667,23.928571428571427,1.0,0.0,2.0,0.0,37.93103448275862,0.0,0.0,3.0,1.0,0.0,134.13793103448276,0.0,0.0,0.0,0.0,0.27586206896551724,1.0,182.55172413793105,30.821428571428573,24.392857142857142,1.0,0.0,3.0,0.0,29.964285714285715,97.86206896551724,7.433333333333334,3.0,18.785714285714285,0.0,1.0,0.0,0.0,0.0,17.72,2.2,6.933333333333334,0.0,0.0,3.1785714285714284,0.0,0.0,0.0
bread,2.5,1.0,147.03571428571428,1.0,0.0,4.466666666666667,0.0,6.074074074074074,0.0,1.0,0.0,0.0,0.0,2.08,0.0,1.0,1.0,181.06666666666666,174.16666666666666,18.666666666666668,38.62068965517241,18.666666666666668,1.0,0.0,2.0,0.0,29.75862068965517,0.0,0.0,2.0,1.0,0.0,117.3,0.0,0.0,0.0,0.0,0.0,0.4666666666666667,164.3448275862069,26.8,14.25,1.0,0.0,2.4,0.0,26.033333333333335,87.41379310344827,6.333333333333333,3.0,17.0,0.0,1.0,0.0,0.0,0.0,12.366666666666667,2.433333333333333,4.133333333333334,0.0,0.0,3.310344827586207,0.0,0.0,0.0
bread,3.1099999999999994,2.0,229.27586206896552,1.0,0.0,7.0,0.0,21.2,0.0,1.0,0.0,0.0,0.0,6.1923076923076925,0.0,2.0,1.0,284.82758620689657,326.65384615384613,30.620689655172413,67.51851851851852,36.06896551724138,2.0,0.0,4.0,0.0,49.666666666666664,0.0,1.0,5.0,1.0,0.0,193.82758620689654,0.0,2.933333333333333,0.0,0.36666666666666664,0.0,1.0,234.32,41.758620689655174,44.44827586206897,2.0,0.0,4.137931034482759,0.0,42.06896551724138,128.44827586206895,9.310344827586206,4.0,25.379310344827587,0.0,2.0,0.0,0.5862068965517241,0.0,27.214285714285715,7.48,15.681818181818182,0.0,0.0,3.1,0.5,0.0,0.0
bread,3.059999999999995,2.0,179.41379310344828,1.0,0.0,5.733333333333333,0.0,12.25925925925926,0.0,1.0,0.0,0.0,0.0,4.933333333333334,0.0,1.0,1.0,215.21428571428572,248.92592592592592,24.333333333333332,53.06896551724138,25.03448275862069,1.0,0.0,2.7,0.0,38.407407407407405,0.0,0.0,3.5,1.0,0.0,148.85714285714286,0.0,1.2,0.0,0.0,0.0,1.0,190.44827586206895,33.55555555555556,27.125,1.0,0.0,3.0,0.0,32.57692307692308,106.86206896551724,7.241379310344827,4.0,20.428571428571427,0.0,1.0,0.0,0.0,0.0,22.333333333333332,2.566666666666667,6.5,0.0,0.0,2.869565217391304,0.0,0.0,0.0
bread,3.8500000000000014,2.0,235.55555555555554,1.0,0.0,7.3,0.0,21.296296296296298,0.0,1.0,0.0,0.0,0.0,7.0,0.0,2.0,1.0,302.7142857142857,357.54545454545456,31.066666666666666,74.22222222222223,38.13793103448276,2.0,0.0,4.344827586206897,0.0,49.793103448275865,0.0,1.0,5.0,1.0,0.0,201.27586206896552,0.0,4.166666666666667,0.0,0.6666666666666666,0.43333333333333335,1.0,240.76923076923077,46.86206896551724,45.03333333333333,2.0,0.0,4.0,0.0,43.6551724137931,134.82758620689654,9.633333333333333,5.0,26.551724137931036,0.0,1.6,0.0,0.4074074074074074,0.0,27.620689655172413,5.833333333333333,9.4,0.0,0.0,3.1333333333333333,2.5,0.0,0.0
bread,3.1099999999999994,2.0,174.75,1.0,0.0,5.0,0.0,13.23076923076923,0.0,1.0,0.0,0.0,0.0,4.0,0.0,1.0,1.0,209.0,185.23333333333332,20.1,48.25,23.724137931034484,1.0,0.0,2.2758620689655173,0.0,36.5,0.0,0.0,3.310344827586207,1.0,0.0,145.3448275862069,0.0,0.3333333333333333,0.0,0.0,0.18518518518518517,0.43333333333333335,179.24137931034483,33.06896551724138,28.833333333333332,1.0,0.0,3.0,0.0,31.03448275862069,99.82758620689656,7.103448275862069,3.0,19.357142857142858,0.0,1.0,0.0,0.0,0.0,19.24137931034483,4.56,4.133333333333334,0.0,0.0,3.3846153846153846,0.0,0.0,0.0
oats,1.6999999999999957,2.75,254.39285714285714,1.0,0.0,8.0,0.0,16.423076923076923,0.0,1.0,0.0,0.0,0.0,8.392857142857142,0.0,5.0,1.0,416.4074074074074,294.06666666666666,30.51851851851852,79.78571428571429,39.892857142857146,2.0,0.0,4.0,0.0,57.32,0.0,1.0,5.678571428571429,1.0,0.0,204.59259259259258,0.0,6.25,0.0,0.3333333333333333,0.0,1.0,266.89285714285717,7.821428571428571,51.407407407407405,67.52,0.0,4.392857142857143,0.0,95.66666666666667,153.96428571428572,10.857142857142858,5.0,42.392857142857146,0.0,1.0,0.0,0.0,0.0,29.857142857142858,0.0,19.642857142857142,0.0,0.0,0.6333333333333333,29.9,0.0,0.0
oats,0.8999999999999986,2.7,248.4814814814815,2.0,0.5333333333333333,35.62068965517241,49.52,54.1,0.0,1.3666666666666667,7.0,1.0,0.7,13.0,0.0,2.7333333333333334,1.4333333333333333,372.5,505.93333333333334,20.0,120.14814814814815,52.357142857142854,1.2666666666666666,0.0,5.333333333333333,0.0,54.86206896551724,0.0,1.0,7.6,1.3333333333333333,0.0,245.5,0.0,16.766666666666666,0.0,3.7,16.633333333333333,2.0,295.10714285714283,67.4,87.12,3.0,1.2,4.733333333333333,1.0,100.06666666666666,142.62962962962962,10.266666666666667,5.0,28.033333333333335,0.0,1.0,0.0,96.18518518518519,5.0,20.0,10.0,36.357142857142854,0.0,0.0,1.0,49.13333333333333,0.0,0.0
oats,2.3999999999999986,3.533333333333333,337.60714285714283,2.0,0.0,47.689655172413794,9.137931034482758,69.56666666666666,0.0,1.3,8.6,1.0,0.0,16.0,0.0,3.6,2.0,490.48275862068965,638.9166666666666,24.76923076923077,137.10344827586206,67.44827586206897,2.0,0.0,8.0,0.0,75.75862068965517,1.0,2.0,10.655172413793103,2.0,0.0,322.37931034482756,0.0,22.296296296296298,0.0,4.4,2.392857142857143,2.0,381.6551724137931,93.25925925925925,110.53333333333333,4.0,0.0,6.633333333333334,1.0,131.79310344827587,201.74074074074073,14.655172413793103,7.344827586206897,40.62068965517241,0.0,2.0,0.0,103.1,6.37037037037037,26.275862068965516,14.448275862068966,46.6551724137931,0.0,0.0,0.8,67.96,0.0,0.0
oats,3.6700000000000017,4.0,356.92857142857144,2.0,0.0,49.86206896551724,0.0,76.3103448275862,0.0,2.0,8.0,1.0,0.0,15.0,0.0,3.2758620689655173,2.0,507.62068965517244,587.3103448275862,22.84,132.75862068965517,69.62068965517241,2.0,0.0,8.0,0.0,76.0,1.0,2.0,10.551724137931034,2.0,0.0,333.41379310344826,0.0,17.304347826086957,0.0,3.689655172413793,0.7407407407407407,2.0,390.9310344827586,99.32142857142857,103.86206896551724,4.0,0.0,6.379310344827586,0.0,136.4814814814815,213.27586206896552,15.586206896551724,8.0,43.55172413793103,0.0,2.0,0.0,13.571428571428571,2.4827586206896552,27.59259259259259,16.0,37.41379310344828,0.0,0.0,0.7666666666666667,66.72413793103448,0.0,0.0
oats,1.3500000000000014,2.0,204.78571428571428,1.0,0.0,27.958333333333332,0.0,27.6,0.0,1.0,2.310344827586207,0.0,0.0,6.111111111111111,0.0,2.0,1.0,252.62962962962962,293.2068965517241,5.260869565217392,72.14285714285714,33.6551724137931,1.0,0.0,3.586206896551724,0.0,49.95652173913044,0.0,1.0,5.0,1.0,0.0,182.13793103448276,0.0,3.6666666666666665,0.0,0.5862068965517241,0.4,1.0,225.82758620689654,58.55172413793103,45.5,2.0,0.0,3.4482758620689653,0.0,80.34615384615384,129.27586206896552,9.0,5.0,26.275862068965516,0.0,0.7333333333333333,0.0,0.9,0.0,12.033333333333333,5.0,19.88,0.0,0.0,0.7,28.517241379310345,0.0,0.0
oats,3.6700000000000017,4.0,345.86206896551727,2.0,0.0,47.0,0.0,56.06666666666667,0.0,1.0,6.0,1.0,0.0,12.222222222222221,0.0,3.0,2.0,454.62068965517244,545.5,18.5,122.51724137931035,63.0,2.0,0.0,7.0,0.0,76.3103448275862,1.0,2.0,9.0,2.0,0.0,307.7241379310345,0.0,13.551724137931034,0.0,2.2413793103448274,0.4,1.0,365.75,94.86206896551724,95.12,3.0,0.0,6.0,0.0,129.21428571428572,206.51724137931035,14.655172413793103,8.0,42.93103448275862,0.0,2.0,0.0,25.966666666666665,0.0,23.06896551724138,14.678571428571429,33.233333333333334,0.0,0.0,0.6333333333333333,63.76,0.0,0.0
oats,4.619999999999997,4.0,363.41379310344826,2.0,0.0,49.0,0.0,63.5,0.0,1.3,6.0,1.0,0.0,12.724137931034482,0.0,3.310344827586207,2.0,481.5,516.4137931034483,18.88,121.58620689655173,64.03448275862068,2.0,0.0,7.586206896551724,0.0,79.56,1.0,2.0,9.0,2.0,0.0,311.37931034482756,0.0,13.571428571428571,0.0,2.0,0.41379310344827586,1.0,376.82142857142856,96.41379310344827,94.03571428571429,3.0,0.0,6.0,0.0,130.22222222222223,209.51724137931035,15.0,8.0,43.2962962962963,0.0,1.6666666666666667,0.0,25.3,0.0,24.8,13.862068965517242,39.26923076923077,0.0,0.0,0.6666666666666666,56.724137931034484,0.0,0.0
oats,2.289999999999999,3.0,296.9259259259259,1.4333333333333333,0.0,40.0,0.0,48.96666666666667,0.0,1.0,4.0,0.3,0.0,9.125,0.0,3.0,1.0,383.7241379310345,456.0,12.16,96.79310344827586,48.724137931034484,1.0,0.0,6.0,0.0,68.03703703703704,1.0,1.0,7.448275862068965,2.0,0.0,253.68965517241378,0.0,9.517241379310345,0.0,1.1666666666666667,0.4,1.3333333333333333,310.3333333333333,80.75862068965517,72.26086956521739,3.0,0.0,5.0,0.0,108.34615384615384,175.13793103448276,12.655172413793103,6.620689655172414,36.38461538461539,0.0,1.0,0.0,0.5384615384615384,0.0,19.74074074074074,10.862068965517242,29.310344827586206,0.0,0.0,0.6333333333333333,52.24,0.0,0.0
oats,1.51,3.0,263.89285714285717,1.4333333333333333,0.0,35.0,0.0,40.266666666666666,0.0,1.0,3.0,0.0,0.0,8.0,0.0,2.0,1.0,332.7241379310345,335.8666666666667,11.6,82.24137931034483,43.41379310344828,1.0,0.0,5.0,0.0,60.65384615384615,0.0,1.0,6.0,1.0,0.0,218.03571428571428,0.0,7.178571428571429,0.0,0.6666666666666666,0.26666666666666666,1.0,270.8965517241379,69.17241379310344,57.82142857142857,2.413793103448276,0.0,4.827586206896552,0.0,97.21428571428571,156.67857142857142,11.214285714285714,6.0,32.57142857142857,0.0,1.0,0.0,0.12,0.0,17.782608695652176,8.033333333333333,23.06896551724138,0.0,0.0,0.6666666666666666,38.733333333333334,0.0,0.0
oats,3.219999999999999,3.310344827586207,333.5925925925926,2.0,0.0,44.77777777777778,0.0,76.375,0.0,1.0,5.0,0.7,0.0,11.827586206896552,0.0,3.0,2.0,437.8965517241379,518.6,17.689655172413794,115.74074074074075,57.92857142857143,2.0,0.0,7.0,0.0,76.03703703703704,1.0,1.0,8.551724137931034,2.0,0.0,288.51724137931035,0.0,12.5,0.0,1.5333333333333334,0.0,1.3333333333333333,347.3333333333333,88.0,80.37931034482759,3.4827586206896552,0.0,5.827586206896552,0.0,121.8076923076923,195.78571428571428,14.0,7.448275862068965,40.714285714285715,0.0,1.4333333333333333,0.0,13.266666666666667,0.0,20.03448275862069,9.818181818181818,36.82608695652174,0.0,0.0,0.6,62.65217391304348,0.0,0.0
oats,1.6799999999999997,2.0,241.58620689655172,1.4666666666666666,0.0,32.0,0.0,35.36666666666667,0.0,1.0,2.642857142857143,0.0,0.0,6.6,0.0,2.0,1.0,299.62068965517244,316.1333333333333,6.958333333333333,77.96428571428571,37.55172413793103,1.0,0.0,4.0,0.0,54.642857142857146,0.0,1.0,6.0,1.0,0.0,208.6206896551724,0.0,5.137931034482759,0.0,0.4,0.36666666666666664,1.0,256.44827586206895,63.793103448275865,47.44827586206897,2.413793103448276,0.0,4.310344827586207,0.0,91.46428571428571,148.17241379310346,10.0,5.0,30.689655172413794,0.0,1.0,0.0,0.0,0.0,16.375,4.75,18.285714285714285,0.0,0.0,0.6,31.166666666666668,0.0,0.0
oats,2.3999999999999986,3.0,280.57142857142856,1.7586206896551724,0.0,37.689655172413794,0.0,60.333333333333336,0.0,1.0,3.3703703703703702,0.0,0.0,9.275862068965518,0.0,2.5517241379310347,1.3,358.0,294.40909090909093,14.233333333333333,91.89655172413794,46.58620689655172,1.0,0.0,5.0,0.0,63.827586206896555,1.0,1.0,7.0,2.0,0.0,245.68965517241378,0.0,8.555555555555555,0.0,1.0,0.0,1.0,300.7142857142857,77.66666666666667,67.17857142857143,2.3793103448275863,0.0,5.0,0.0,107.72413793103448,174.6551724137931,12.413793103448276,6.0,36.32142857142857,0.0,1.0,0.0,4.333333333333333,0.0,14.633333333333333,8.633333333333333,29.28,0.0,0.0,0.6666666666666666,29.24,0.0,0.0
oats,3.259999999999998,3.3793103448275863,332.0344827586207,2.0,0.0,44.62068965517241,0.0,73.03703703703704,0.0,1.0,4.730769230769231,0.6333333333333333,0.0,11.275862068965518,0.0,3.0,2.0,430.0357142857143,475.5,19.620689655172413,109.24137931034483,56.89655172413793,1.793103448275862,0.0,6.620689655172414,0.0,74.42307692307692,1.0,1.0,9.0,2.0,0.0,293.86206896551727,0.0,11.689655172413794,0.0,1.4,0.0,1.0,348.0,88.47826086956522,81.86206896551724,3.0,0.0,6.137931034482759,0.0,123.32142857142857,199.51724137931035,14.482758620689655,7.0,41.310344827586206,0.0,1.3666666666666667,0.0,3.6551724137931036,0.0,22.11111111111111,14.130434782608695,34.07142857142857,0.0,0.0,0.7,55.53846153846154,0.0,0.0
